23896,Christopher,Howell,+14286321786,christopher.howell@hotmail.com,35,F,New York,New York,10002,40.71528587,-73.98588452,test123,2025-05-30T02:09:39.567Z
23896,Todd,Fleming,+12074702101,todd.fleming@gmail.com,36,F,South Carolina,North Augusta,29841,33.52516907,-81.94010218,test123,2025-05-30T02:09:39.567Z
68390,Leonard,Johnson,+16578418263,leonard.johnson@hotmail,12,F,New Jersey,Scotch Plains,7076,40.6322541,-74.37336367,ed78b08e-824c-46eb-9fa4-43bd8275ca7a,2025-05-30T02:09:39.567Z
82697,Ariel,Fleming,+1428ab217,ariel.fleming@gmail.com,67,F,Arizona,Scottsdale,85255,33.67846147,-111.8555607,ed78b08e-824c-46eb-9fa4-43bd8275ca7a,2025-05-30T02:09:39.567Z
52107,Nicole,Davis,+19897382503,nicole.davis@gmail.com,16,F,California,San Luis Obispo,93401,35.27538153,-120.6201284,ed78b08e-824c-46eb-9fa4-43bd8275ca7a,2025-05-30T02:09:39.567Z
72318,Christine,Cross,+14463475851,christine.cross@hotmail.com,35,F,Florida,Gainesville,32607,29.64493467,-82.41790611,ed78b08e-824c-46eb-9fa4-43bd8275ca7a,2025-05-30T02:09:39.567Z
2537,Aaron,Davila,+12694035934,aaron.davila@gmail.com,68,M,New York,New York,10002,40.71528587,-73.98588452,ed78b08e-824c-46eb-9fa4-43bd8275ca7a,2025-05-30T02:09:39.567Z
62409,Garrett,Thompson,+18198206198,garrett.thompson@yahoo.com,63,M,New York,Webster,14580,43.21908012,-77.44503942,ed78b08e-824c-46eb-9fa4-43bd8275ca7a,2025-05-30T02:09:39.567Z
82791,Courtney,Strong,+15966691030,courtney.strong@gmail.com,54,M,Colorado,Berkley,80221,39.8153303,-105.009295,ed78b08e-824c-46eb-9fa4-43bd8275ca7a,2025-05-30T02:09:39.567Z
87155,Dennis,Nguyen,+18336835559,dennis.nguyen@yahoo.com,49,M,New York,New York,11214,40.59868178,-73.99630858,ed78b08e-824c-46eb-9fa4-43bd8275ca7a,2025-05-30T02:09:39.567Z
56107,Lisa,Johnson,+17277648075,lisa.johnson@gmail.com,16,M,Florida,Port Salerno,34997,27.11205898,-80.23267744,ed78b08e-824c-46eb-9fa4-43bd8275ca7a,2025-05-30T02:09:39.567Z
76834,Amber,Ward,+13586577919,amber.ward@hotmail.com,57,M,New York,New York,10462,40.84217251,-73.85723543,ed78b08e-824c-46eb-9fa4-43bd8275ca7a,2025-05-30T02:09:39.567Z
42185,Dominique,Newton,+15147053786,dominique.newton@gmail.com,58,M,Washington,Bremerton,98312,47.56377891,-122.7588626,ed78b08e-824c-46eb-9fa4-43bd8275ca7a,2025-05-30T02:09:39.567Z
81117,Laura,Morris,+17836731879,laura.morris@yahoo.com,56,M,New York,New York,10010,40.73903302,-73.98310267,ed78b08e-824c-46eb-9fa4-43bd8275ca7a,2025-05-30T02:09:39.567Z
80398,Brian,Craig,+18316049425,brian.craig@hotmail.com,66,M,New Jersey,City of Orange,7050,40.76822851,-74.23490328,ed78b08e-824c-46eb-9fa4-43bd8275ca7a,2025-05-30T02:09:39.567Z
9476,Alex,Lopez,+14332434850,alex.lopez@gmail.com,65,M,Virginia,Newport News,23601,37.04588778,-76.46799791,ed78b08e-824c-46eb-9fa4-43bd8275ca7a,2025-05-30T02:09:39.567Z
60539,Michael,Buchanan,+18426836233,michael.buchanan@gmail.com,41,M,Arizona,Sun City West,85375,33.67818298,-112.3531562,ed78b08e-824c-46eb-9fa4-43bd8275ca7a,2025-05-30T02:09:39.567Z
75396,Maria,Taylor,+17068339479,maria.taylor@yahoo.com,13,M,Ohio,Green,44312,41.01513205,-81.44070195,ed78b08e-824c-46eb-9fa4-43bd8275ca7a,2025-05-30T02:09:39.567Z
64128,Kim,Goodman,+19169492027,kim.goodman@hotmail.com,45,M,Oregon,Beaverton,97225,45.50151815,-122.769757,ed78b08e-824c-46eb-9fa4-43bd8275ca7a,2025-05-30T02:09:39.567Z
15209,Brianna,French,+18845802215,brianna.french@hotmail.com,36,M,Tennessee,Columbia,38401,35.62393012,-87.02348253,ed78b08e-824c-46eb-9fa4-43bd8275ca7a,2025-05-30T02:09:39.567Z
48645,Taylor,Harris,+15536968426,taylor.harris@gmail.com,41,M,Ohio,Mason,45040,39.353711,-84.31248876,ed78b08e-824c-46eb-9fa4-43bd8275ca7a,2025-05-30T02:09:39.567Z
67234,James,Moore,+14662876638,james.moore@gmail.com,17,M,Pennsylvania,Shanor-Northvue,16001,40.90955216,-79.94365429,ed78b08e-824c-46eb-9fa4-43bd8275ca7a,2025-05-30T02:09:39.567Z
9793,John,Hamilton,+12499466012,john.hamilton@hotmail.com,68,F,New York,New York,10024,40.78587973,-73.97818082,ed78b08e-824c-46eb-9fa4-43bd8275ca7a,2025-05-30T02:09:39.567Z
82476,Allen,Wilson,+12906177653,allen.wilson@gmail.com,65,Female,New Jersey,Princeton,8540,40.36368691,-74.65663966,ed78b08e-824c-46eb-9fa4-43bd8275ca7a,2025-05-30T02:09:39.567Z
4212,Heather,Bell,+12879217556,heather.bell@gmail.com,41,F,Arizona,Nogales,85621,31.42411237,-111.0547099,ed78b08e-824c-46eb-9fa4-43bd8275ca7a,2025-05-30T02:09:39.567Z
98140,Colleen,Frazier,+12596632483,colleen.frazier@yahoo.com,54,F,Illinois,Chicago,60623,41.84794106,-87.71815009,ed78b08e-824c-46eb-9fa4-43bd8275ca7a,2025-05-30T02:09:39.567Z
11197,Jeremy,Stephens,+18145608788,jeremy.stephens@gmail.com,63,F,California,Modesto,95356,37.71907403,-121.0264063,ed78b08e-824c-46eb-9fa4-43bd8275ca7a,2025-05-30T02:09:39.567Z
22981,Christopher,Brown,+18214589162,christopher.brown@hotmail.com,14,F,Georgia,Stockbridge,30281,33.56265526,-84.19656328,ed78b08e-824c-46eb-9fa4-43bd8275ca7a,2025-05-30T02:09:39.567Z
27392,Darrell,Klein,+13715775680,darrell.klein@gmail.com,56,F,New York,New York,10025,40.79938666,-73.97009892,ed78b08e-824c-46eb-9fa4-43bd8275ca7a,2025-05-30T02:09:39.567Z
23077,Jerry,Hall,+19725194810,jerry.hall@hotmail.com,50,F,New York,New York,10021,40.76996214,-73.95883836,ed78b08e-824c-46eb-9fa4-43bd8275ca7a,2025-05-30T02:09:39.567Z
35552,Danielle,Flowers,+12779555490,danielle.flowers@yahoo.com,61,F,Florida,Country Club,33015,25.94123413,-80.31771291,ed78b08e-824c-46eb-9fa4-43bd8275ca7a,2025-05-30T02:09:39.567Z
39680,Michael,Schwartz,+16413257787,michael.schwartz@gmail.com,25,F,Minnesota,Maplewood,55109,45.01468869,-93.02745955,ed78b08e-824c-46eb-9fa4-43bd8275ca7a,2025-05-30T02:09:39.567Z
66168,Vanessa,Taylor,+14013766802,vanessa.taylor@gmail.com,49,F,New Jersey,Maplewood,7040,40.7291655,-74.26789599,ed78b08e-824c-46eb-9fa4-43bd8275ca7a,2025-05-30T02:09:39.567Z
77038,Robert,Mills,+14466195069,robert.mills@hotmail.com,34,F,Indiana,Valparaiso,46385,41.46190467,-87.12406608,ed78b08e-824c-46eb-9fa4-43bd8275ca7a,2025-05-30T02:09:39.567Z
71564,Jamie,Allison,+12734041415,jamie.allison@yahoo.com,65,M,New York,New York,10040,40.8614673,-73.9332049,ed78b08e-824c-46eb-9fa4-43bd8275ca7a,2025-05-30T02:09:39.567Z
2105,Amy,Aguilar,+15883135411,amy.aguilar@yahoo.com,40,M,Michigan,Mount Morris Township,48504,43.05740904,-83.74951233,ed78b08e-824c-46eb-9fa4-43bd8275ca7a,2025-05-30T02:09:39.567Z
43976,Roberto,Sweeney,+17908346951,roberto.sweeney@hotmail.com,67,M,Arizona,Phoenix,85048,33.28918984,-112.0408019,ed78b08e-824c-46eb-9fa4-43bd8275ca7a,2025-05-30T02:09:39.567Z
25575,Crystal,Kelley,+18259978448,crystal.kelley@yahoo.com,23,M,New York,New York,10040,40.8614673,-73.9332049,ed78b08e-824c-46eb-9fa4-43bd8275ca7a,2025-05-30T02:09:39.567Z
44288,Joseph,Ramos,+14424333482,joseph.ramos@gmail.com,49,M,Mississippi,Pearl,39208,32.25957069,-90.08806865,ed78b08e-824c-46eb-9fa4-43bd8275ca7a,2025-05-30T02:09:39.567Z
61914,Matthew,Moore,+12012584137,matthew.moore@hotmail.com,62,M,California,Delano,93215,35.77540666,-119.1752544,ed78b08e-824c-46eb-9fa4-43bd8275ca7a,2025-05-30T02:09:39.567Z
24443,Barbara,Gaines,+17927127517,barbara.gaines@gmail.com,33,M,New York,New York,10467,40.87509936,-73.87188358,ed78b08e-824c-46eb-9fa4-43bd8275ca7a,2025-05-30T02:09:39.567Z
31768,Peter,Jackson,+14388296121,peter.jackson@gmail.com,50,M,Tennessee,Murfreesboro,37130,35.87781645,-86.3295339,ed78b08e-824c-46eb-9fa4-43bd8275ca7a,2025-05-30T02:09:39.567Z
12789,Rachel,Noble,+19752076150,rachel.noble@yahoo.com,32,M,Georgia,,30016,33.51797284,-83.93211706,ed78b08e-824c-46eb-9fa4-43bd8275ca7a,2025-05-30T02:09:39.567Z
14358,David,Gonzales,+16755144690,david.gonzales@gmail.com,49,M,New York,New York,10033,40.85031879,-73.93875553,ed78b08e-824c-46eb-9fa4-43bd8275ca7a,2025-05-30T02:09:39.567Z
64550,Alicia,Williams,+18659786178,alicia.williams@hotmail.com,34,M,Connecticut,Bristol,6010,41.68215079,-72.94179831,ed78b08e-824c-46eb-9fa4-43bd8275ca7a,2025-05-30T02:09:39.567Z
25294,Nicole,Flores,+17814849976,nicole.flores@hotmail.com,21,M,New York,New York,10457,40.84565137,-73.89798946,ed78b08e-824c-46eb-9fa4-43bd8275ca7a,2025-05-30T02:09:39.567Z
80056,John,Smith,+18042945715,john.smith@gmail.com,24,M,New York,New York,10312,40.54692262,-74.18333614,ed78b08e-824c-46eb-9fa4-43bd8275ca7a,2025-05-30T02:09:39.567Z
29046,Travis,Erickson,+12892695959,travis.erickson@yahoo.com,57,M,Colorado,Thornton,80229,39.85448079,-104.9587279,ed78b08e-824c-46eb-9fa4-43bd8275ca7a,2025-05-30T02:09:39.567Z
60908,Victoria,Turner,+16819059256,victoria.turner@yahoo.com,30,M,North Carolina,Wilmington,28409,34.14974183,-77.86524601,ed78b08e-824c-46eb-9fa4-43bd8275ca7a,2025-05-30T02:09:39.567Z
98394,Benjamin,Hansen,+14952222414,benjamin.hansen@hotmail.com,62,M,New Hampshire,Derry,3038,42.88898412,-71.28030477,ed78b08e-824c-46eb-9fa4-43bd8275ca7a,2025-05-30T02:09:39.567Z
80909,Sarah,Brewer,+16405308411,sarah.brewer@yahoo.com,18,M,California,Los Alamitos,90720,33.79502174,-118.0647107,ed78b08e-824c-46eb-9fa4-43bd8275ca7a,2025-05-30T02:09:39.567Z
26802,Zachary,Williams,+12456464017,zachary.williams@gmail.com,51,M,Texas,Dallas,75217,32.71132842,-96.68163632,ed78b08e-824c-46eb-9fa4-43bd8275ca7a,2025-05-30T02:09:39.567Z
10010,Matthew,Abbott,+13548835951,matthew.abbott@hotmail.com,59,M,Florida,Tallahassee,32312,30.60454371,-84.23191223,ed78b08e-824c-46eb-9fa4-43bd8275ca7a,2025-05-30T02:09:39.567Z
94238,Brooke,Hill,+12588566264,brooke.hill@gmail.com,19,M,Arizona,Chandler,85249,33.21770439,-111.8686687,ed78b08e-824c-46eb-9fa4-43bd8275ca7a,2025-05-30T02:09:39.567Z
98035,William,Benton,+15448063230,william.benton@gmail.com,31,M,Ohio,Columbus,43228,39.95885109,-83.12695264,ed78b08e-824c-46eb-9fa4-43bd8275ca7a,2025-05-30T02:09:39.567Z
72639,Timothy,Miller,+14944813597,timothy.miller@gmail.com,40,M,Pennsylvania,Stonybrook,17402,39.95849696,-76.65863082,ed78b08e-824c-46eb-9fa4-43bd8275ca7a,2025-05-30T02:09:39.567Z
48572,Garrett,Bowers,+13604236883,garrett.bowers@yahoo.com,33,M,New York,New York,10312,40.54692262,-74.18333614,ed78b08e-824c-46eb-9fa4-43bd8275ca7a,2025-05-30T02:09:39.567Z
82160,Susan,Williams,+16085996403,susan.williams@gmail.com,17,M,Colorado,Boulder,80302,40.03480224,-105.3605427,ed78b08e-824c-46eb-9fa4-43bd8275ca7a,2025-05-30T02:09:39.567Z
33495,Corey,Rose,+18783588796,corey.rose@hotmail.com,18,M,California,Chico,95973,39.89575345,-121.8607479,ed78b08e-824c-46eb-9fa4-43bd8275ca7a,2025-05-30T02:09:39.567Z
19767,Ryan,Taylor,+19135031868,ryan.taylor@hotmail.com,51,M,Georgia,Marietta,30008,33.89606569,-84.58920458,ed78b08e-824c-46eb-9fa4-43bd8275ca7a,2025-05-30T02:09:39.567Z
3462,Gina,Smith,+13568245464,gina.smith@gmail.com,40,M,California,Santa Rosa,95403,38.50298752,-122.7541707,ed78b08e-824c-46eb-9fa4-43bd8275ca7a,2025-05-30T02:09:39.567Z
76081,Ariana,Phillips,+17959474863,ariana.phillips@gmail.com,16,M,Texas,Amarillo,79106,35.20274061,-101.8876646,ed78b08e-824c-46eb-9fa4-43bd8275ca7a,2025-05-30T02:09:39.567Z
19997,Matthew,Nguyen,+16375432645,matthew.nguyen@hotmail.com,15,F,New York,New York,10451,40.82048086,-73.92393293,ed78b08e-824c-46eb-9fa4-43bd8275ca7a,2025-05-30T02:09:39.567Z
4513,Emily,Allen,+13952816306,emily.allen@gmail.com,13,F,Georgia,Rome,30161,34.23613251,-85.17100831,ed78b08e-824c-46eb-9fa4-43bd8275ca7a,2025-05-30T02:09:39.567Z
87785,James,Graves,+17959382898,james.graves@gmail.com,45,F,Pennsylvania,Aliquippa,15001,40.59342402,-80.32008118,ed78b08e-824c-46eb-9fa4-43bd8275ca7a,2025-05-30T02:09:39.567Z
3984,Timothy,Ford,+12052265938,timothy.ford@gmail.com,17,F,Arizona,Phoenix,85019,33.50978826,-112.1431624,ed78b08e-824c-46eb-9fa4-43bd8275ca7a,2025-05-30T02:09:39.567Z
18017,Gregory,Bishop,+16623193790,gregory.bishop@yahoo.com,41,F,Kansas,Wichita,67212,37.70214828,-97.43620098,ed78b08e-824c-46eb-9fa4-43bd8275ca7a,2025-05-30T02:09:39.567Z
66662,Jessica,Wright,+17565939163,jessica.wright@gmail.com,41,F,North Carolina,Charlotte,28269,35.33763,-80.80307492,ed78b08e-824c-46eb-9fa4-43bd8275ca7a,2025-05-30T02:09:39.567Z
45448,Benjamin,Levy,+16298753745,benjamin.levy@yahoo.com,17,F,California,Alhambra,91801,34.0906275,-118.1278323,ed78b08e-824c-46eb-9fa4-43bd8275ca7a,2025-05-30T02:09:39.567Z
4182,Suzanne,Burton,+14953539897,suzanne.burton@gmail.com,57,F,Texas,Dayton,77535,30.05366438,-94.92002736,ed78b08e-824c-46eb-9fa4-43bd8275ca7a,2025-05-30T02:09:39.567Z
62417,Debra,Morrison,+12484039621,debra.morrison@yahoo.com,45,F,New York,New York,10453,40.85245242,-73.91423907,ed78b08e-824c-46eb-9fa4-43bd8275ca7a,2025-05-30T02:09:39.567Z
13912,Christopher,Gibson,+17526539655,christopher.gibson@gmail.com,47,F,Idaho,Coeur d'Alene,83815,47.72477456,-116.7860796,ed78b08e-824c-46eb-9fa4-43bd8275ca7a,2025-05-30T02:09:39.567Z
46646,James,Romero,+14124018596,james.romero@hotmail.com,67,M,New York,New York,10467,40.87509936,-73.87188358,ed78b08e-824c-46eb-9fa4-43bd8275ca7a,2025-05-30T02:09:39.567Z
70871,Renee,Hamilton,+18788998278,renee.hamilton@hotmail.com,47,M,Arizona,Tempe,85281,33.42912905,-111.9304854,ed78b08e-824c-46eb-9fa4-43bd8275ca7a,2025-05-30T02:09:39.567Z
35946,Adam,Davis,+16146827118,adam.davis@yahoo.com,21,M,California,Hawthorne,90250,33.91419704,-118.3489669,ed78b08e-824c-46eb-9fa4-43bd8275ca7a,2025-05-30T02:09:39.567Z
53923,Michael,Rivera,+18957132601,michael.rivera@yahoo.com,67,M,Colorado,Colorado Springs,80907,38.87934186,-104.8245428,ed78b08e-824c-46eb-9fa4-43bd8275ca7a,2025-05-30T02:09:39.567Z
51787,Jenna,Hernandez,+14493345745,jenna.hernandez@hotmail.com,35,M,Texas,Austin,78717,30.49051791,-97.76535955,ed78b08e-824c-46eb-9fa4-43bd8275ca7a,2025-05-30T02:09:39.567Z
42371,Rachel,Thornton,+19028381683,rachel.thornton@gmail.com,46,M,California,Huntington Park,90255,33.9772463,-118.2172943,ed78b08e-824c-46eb-9fa4-43bd8275ca7a,2025-05-30T02:09:39.567Z
79542,Corey,Burke,+17478586192,corey.burke@gmail.com,40,M,California,Los Angeles,91364,34.15606568,-118.5957503,ed78b08e-824c-46eb-9fa4-43bd8275ca7a,2025-05-30T02:09:39.567Z
16897,William,Perez,+14238367296,william.perez@yahoo.com,58,M,Rhode Island,North Providence,2904,41.86029754,-71.43570406,ed78b08e-824c-46eb-9fa4-43bd8275ca7a,2025-05-30T02:09:39.567Z
11654,Joseph,Brown,+15507653838,joseph.brown@gmail.com,31,M,Florida,Fruitville,34232,27.3261703,-82.47258092,ed78b08e-824c-46eb-9fa4-43bd8275ca7a,2025-05-30T02:09:39.567Z
30304,Samantha,Mitchell,+19573274254,samantha.mitchell@hotmail.com,31,M,Illinois,Barrington Hills,60010,42.15100976,-88.16508143,ed78b08e-824c-46eb-9fa4-43bd8275ca7a,2025-05-30T02:09:39.567Z
79831,William,Vargas,+18879538034,william.vargas@yahoo.com,26,F,New York,New York,11101,40.74701937,-73.94088973,ed78b08e-824c-46eb-9fa4-43bd8275ca7a,2025-05-30T02:09:39.567Z
59070,Rita,Brown,+13293019084,rita.brown@hotmail.com,59,F,Virginia,Richmond,23224,37.49807649,-77.46692097,ed78b08e-824c-46eb-9fa4-43bd8275ca7a,2025-05-30T02:09:39.567Z
58128,Ricardo,Duran,+18598851357,ricardo.duran@gmail.com,42,F,Virginia,Montrose,23231,37.44205824,-77.31820901,ed78b08e-824c-46eb-9fa4-43bd8275ca7a,2025-05-30T02:09:39.567Z
56130,Jessica,Barnett,+12214637988,jessica.barnett@yahoo.com,22,F,Colorado,Thornton,80241,39.92869373,-104.9549866,ed78b08e-824c-46eb-9fa4-43bd8275ca7a,2025-05-30T02:09:39.567Z
48419,Donna,Snow,+19493186103,donna.snow@hotmail.com,48,F,Massachusetts,Milton,2186,42.24000751,-71.08370049,ed78b08e-824c-46eb-9fa4-43bd8275ca7a,2025-05-30T02:09:39.567Z
28365,Christopher,Jones,+14166535116,christopher.jones@gmail.com,28,F,California,Fremont,94536,37.57220891,-121.9855182,ed78b08e-824c-46eb-9fa4-43bd8275ca7a,2025-05-30T02:09:39.567Z
64678,James,Chambers,+13919968058,james.chambers@gmail.com,39,F,New York,New York,11207,40.66740401,-73.89200881,ed78b08e-824c-46eb-9fa4-43bd8275ca7a,2025-05-30T02:09:39.567Z
90070,Kayla,Brown,+12378459964,kayla.brown@hotmail.com,18,F,Oregon,Eugene,97401,44.06796588,-123.0819502,ed78b08e-824c-46eb-9fa4-43bd8275ca7a,2025-05-30T02:09:39.567Z
95435,Tina,Brown,+15787665544,tina.brown@gmail.com,36,F,Wisconsin,Racine,53405,42.72672002,-87.82545988,ed78b08e-824c-46eb-9fa4-43bd8275ca7a,2025-05-30T02:09:39.567Z
94449,Mary,Johnson,+18613901486,mary.johnson@gmail.com,27,F,California,Corcoran,93212,36.03582031,-119.5386909,ed78b08e-824c-46eb-9fa4-43bd8275ca7a,2025-05-30T02:09:39.567Z
63045,Lindsey,Colon,+18698206335,lindsey.colon@hotmail.com,52,F,Illinois,Chicago Heights,60411,41.50785083,-87.59145419,ed78b08e-824c-46eb-9fa4-43bd8275ca7a,2025-05-30T02:09:39.567Z
53979,Jordan,Brown,+14534676531,jordan.brown@gmail.com,30,F,Iowa,Ames,50010,42.03294842,-93.59109706,ed78b08e-824c-46eb-9fa4-43bd8275ca7a,2025-05-30T02:09:39.567Z
13238,Paul,Sanchez,+18377585952,paul.sanchez@gmail.com,49,M,New York,New York,11208,40.67241245,-73.87186362,ed78b08e-824c-46eb-9fa4-43bd8275ca7a,2025-05-30T02:09:39.567Z
41693,Trevor,Murphy,+13133538186,trevor.murphy@hotmail.com,22,M,Colorado,Parker,80134,39.48255418,-104.7701836,ed78b08e-824c-46eb-9fa4-43bd8275ca7a,2025-05-30T02:09:39.567Z
26173,Anthony,Brooks,+14912845590,anthony.brooks@hotmail.com,70,M,Hawaii,Kapolei,96707,21.34140397,-158.0944637,ed78b08e-824c-46eb-9fa4-43bd8275ca7a,2025-05-30T02:09:39.567Z
94642,Angela,Cook,+16554378295,angela.cook@yahoo.com,27,M,California,Winchester,92596,33.64272735,-117.0759704,ed78b08e-824c-46eb-9fa4-43bd8275ca7a,2025-05-30T02:09:39.567Z
81753,Phillip,Boyer,+17596879522,phillip.boyer@hotmail.com,13,M,Maryland,Eldersburg,21784,39.4015794,-76.97244682,ed78b08e-824c-46eb-9fa4-43bd8275ca7a,2025-05-30T02:09:39.567Z
25604,Crystal,Rivera,+18018607564,crystal.rivera@hotmail.com,15,M,New York,New York,11219,40.6325705,-73.99676576,ed78b08e-824c-46eb-9fa4-43bd8275ca7a,2025-05-30T02:09:39.567Z
43839,Tanner,Kim,+15623304986,tanner.kim@gmail.com,13,M,California,Fresno,93726,36.79361686,-119.7615026,ed78b08e-824c-46eb-9fa4-43bd8275ca7a,2025-05-30T02:09:39.567Z
53708,Holly,Navarro,+15255252088,holly.navarro@yahoo.com,66,M,Virginia,Newport News,23602,37.11065658,-76.53197298,ed78b08e-824c-46eb-9fa4-43bd8275ca7a,2025-05-30T02:09:39.567Z
82729,Michael,Cooper,+13614138029,michael.cooper@yahoo.com,59,M,California,Beaumont,92223,33.93941967,-116.9853095,ed78b08e-824c-46eb-9fa4-43bd8275ca7a,2025-05-30T02:09:39.567Z
12244,Stephanie,Harris,+16394975010,stephanie.harris@gmail.com,36,M,Michigan,East Lansing,48823,42.76020378,-84.45061004,ed78b08e-824c-46eb-9fa4-43bd8275ca7a,2025-05-30T02:09:39.567Z
167,Wendy,Bell,+16328703897,wendy.bell@hotmail.com,49,M,Florida,Kings Point,33446,26.45528823,-80.18543802,ed78b08e-824c-46eb-9fa4-43bd8275ca7a,2025-05-30T02:09:39.567Z
26504,Robert,Wall,+13654509665,robert.wall@hotmail.com,48,F,New York,New York,11222,40.72980794,-73.95068833,ed78b08e-824c-46eb-9fa4-43bd8275ca7a,2025-05-30T02:09:39.567Z
54630,Edward,Ballard,+15637214717,edward.ballard@gmail.com,41,F,North Carolina,Greensboro,27406,35.99842086,-79.76670839,ed78b08e-824c-46eb-9fa4-43bd8275ca7a,2025-05-30T02:09:39.567Z
36770,Mariah,Bullock,+18006816273,mariah.bullock@gmail.com,26,F,New York,Watertown,13601,43.96912178,-75.91100908,ed78b08e-824c-46eb-9fa4-43bd8275ca7a,2025-05-30T02:09:39.567Z
19829,Tiffany,Fitzgerald,+13168619898,tiffany.fitzgerald@hotmail.com,35,F,Wisconsin,Menasha,54952,44.19420902,-88.3427291,ed78b08e-824c-46eb-9fa4-43bd8275ca7a,2025-05-30T02:09:39.567Z
41795,Frances,Wallace,+15035522033,frances.wallace@yahoo.com,23,F,California,Los Angeles,90011,34.00687914,-118.2586281,ed78b08e-824c-46eb-9fa4-43bd8275ca7a,2025-05-30T02:09:39.567Z
26426,Dawn,Mcguire,+19045643472,dawn.mcguire@yahoo.com,15,F,North Carolina,Laurinburg,28352,34.76421896,-79.45293201,ed78b08e-824c-46eb-9fa4-43bd8275ca7a,2025-05-30T02:09:39.567Z
61045,Randy,Jackson,+18879963347,randy.jackson@gmail.com,25,F,New York,New York,11420,40.6737959,-73.81764295,ed78b08e-824c-46eb-9fa4-43bd8275ca7a,2025-05-30T02:09:39.567Z
91734,Marie,Brown,+19525878289,marie.brown@hotmail.com,36,M,New York,New York,11223,40.5968943,-73.973329,ed78b08e-824c-46eb-9fa4-43bd8275ca7a,2025-05-30T02:09:39.567Z
51345,Shawn,Coffey,+18708052796,shawn.coffey@hotmail.com,62,M,Texas,El Paso,79925,31.79756837,-106.3658828,ed78b08e-824c-46eb-9fa4-43bd8275ca7a,2025-05-30T02:09:39.567Z
45255,Patricia,Robinson,+16525914064,patricia.robinson@hotmail.com,69,M,Colorado,Aurora,80013,39.66065974,-104.7683103,ed78b08e-824c-46eb-9fa4-43bd8275ca7a,2025-05-30T02:09:39.567Z
90641,Tony,Mcmillan,+15247521161,tony.mcmillan@hotmail.com,34,M,New York,New York,11226,40.64694096,-73.95741171,ed78b08e-824c-46eb-9fa4-43bd8275ca7a,2025-05-30T02:09:39.567Z
74935,Barry,Harvey,+16576361394,barry.harvey@gmail.com,44,M,California,Valle Vista,92544,33.65843085,-116.8705369,ed78b08e-824c-46eb-9fa4-43bd8275ca7a,2025-05-30T02:09:39.567Z
89414,Christopher,Strickland,+19693824160,christopher.strickland@yahoo.com,24,M,Pennsylvania,Williamsport,17701,41.34567043,-76.88416818,ed78b08e-824c-46eb-9fa4-43bd8275ca7a,2025-05-30T02:09:39.567Z
99326,Gary,Casey,+16765964509,gary.casey@yahoo.com,36,M,Hawaii,Pearl City,96782,21.43492889,-157.9461762,ed78b08e-824c-46eb-9fa4-43bd8275ca7a,2025-05-30T02:09:39.567Z
27365,Nathan,Peterson,+15263848619,nathan.peterson@hotmail.com,43,M,Utah,Taylorsville,84123,40.65832859,-111.9216775,ed78b08e-824c-46eb-9fa4-43bd8275ca7a,2025-05-30T02:09:39.567Z
73017,Andrea,Sellers,+16536009177,andrea.sellers@yahoo.com,42,M,Delaware,North Star,19711,39.71377604,-75.74004681,ed78b08e-824c-46eb-9fa4-43bd8275ca7a,2025-05-30T02:09:39.567Z
16733,Joseph,Johnson,+16173256579,joseph.johnson@gmail.com,35,M,Texas,Mission Bend,77083,29.69309797,-95.64893474,ed78b08e-824c-46eb-9fa4-43bd8275ca7a,2025-05-30T02:09:39.567Z
53172,Kayla,Santiago,+13395574029,kayla.santiago@yahoo.com,60,M,Massachusetts,Salem,1970,42.51362292,-70.90211216,ed78b08e-824c-46eb-9fa4-43bd8275ca7a,2025-05-30T02:09:39.567Z
44015,Ronald,Beard,+12493474632,ronald.beard@gmail.com,56,M,North Carolina,Asheville,28806,35.55865627,-82.6163883,ed78b08e-824c-46eb-9fa4-43bd8275ca7a,2025-05-30T02:09:39.567Z
11674,Elizabeth,Kirby,+18836127233,elizabeth.kirby@yahoo.com,17,F,New York,New York,11232,40.65590856,-74.00683766,ed78b08e-824c-46eb-9fa4-43bd8275ca7a,2025-05-30T02:09:39.567Z
61196,Rachel,Crawford,+17777665653,rachel.crawford@gmail.com,32,F,Wisconsin,Kaukauna,54130,44.31810144,-88.24359583,ed78b08e-824c-46eb-9fa4-43bd8275ca7a,2025-05-30T02:09:39.567Z
70789,Jamie,Solomon,+13959767075,jamie.solomon@yahoo.com,17,F,New York,New York,10457,40.84565137,-73.89798946,ed78b08e-824c-46eb-9fa4-43bd8275ca7a,2025-05-30T02:09:39.567Z
88052,Tanya,Shea,+14315729287,tanya.shea@gmail.com,69,F,Texas,Leander,78641,30.55704265,-97.91328977,ed78b08e-824c-46eb-9fa4-43bd8275ca7a,2025-05-30T02:09:39.567Z
76460,Jennifer,Guerrero,+17987194317,jennifer.guerrero@yahoo.com,38,F,Florida,Spring Hill,34608,28.48271014,-82.55322734,ed78b08e-824c-46eb-9fa4-43bd8275ca7a,2025-05-30T02:09:39.567Z
64100,Tiffany,Vega,+15883724650,tiffany.vega@yahoo.com,41,F,New York,New York,11236,40.63755673,-73.89783528,ed78b08e-824c-46eb-9fa4-43bd8275ca7a,2025-05-30T02:09:39.567Z
49878,Devin,Ellis,+15434801275,devin.ellis@hotmail.com,45,F,Alaska,Ester,99709,64.86519412,-148.2451182,ed78b08e-824c-46eb-9fa4-43bd8275ca7a,2025-05-30T02:09:39.567Z
97183,Amanda,Buchanan,+18364567210,amanda.buchanan@yahoo.com,59,F,Arizona,Glendale,85302,33.567859,-112.1780499,ed78b08e-824c-46eb-9fa4-43bd8275ca7a,2025-05-30T02:09:39.567Z
15491,Jasmine,Chase,+15223434434,jasmine.chase@hotmail.com,46,F,Texas,Tyler,75703,32.23877347,-95.32031024,ed78b08e-824c-46eb-9fa4-43bd8275ca7a,2025-05-30T02:09:39.567Z
89299,Margaret,Silva,+13276465160,margaret.silva@hotmail.com,52,F,Utah,Taylorsville,84129,40.65286127,-111.9620643,ed78b08e-824c-46eb-9fa4-43bd8275ca7a,2025-05-30T02:09:39.567Z
81164,Dana,Reed,+19238789131,dana.reed@gmail.com,28,M,New York,New York,11354,40.76840991,-73.82861489,ed78b08e-824c-46eb-9fa4-43bd8275ca7a,2025-05-30T02:09:39.567Z
96018,George,Hernandez,+15539811598,george.hernandez@hotmail.com,23,M,Minnesota,Faribault,55021,44.29431414,-93.2742962,ed78b08e-824c-46eb-9fa4-43bd8275ca7a,2025-05-30T02:09:39.567Z
6444,Joshua,Hernandez,+13049998702,joshua.hernandez@hotmail.com,70,M,New York,New York,11364,40.74593479,-73.75722025,ed78b08e-824c-46eb-9fa4-43bd8275ca7a,2025-05-30T02:09:39.567Z
31032,Catherine,Walsh,+15733598468,catherine.walsh@gmail.com,17,M,New York,New York,11223,40.5968943,-73.973329,ed78b08e-824c-46eb-9fa4-43bd8275ca7a,2025-05-30T02:09:39.567Z
63438,Stacey,Hawkins,+12188291995,stacey.hawkins@gmail.com,52,M,Illinois,Orland Park,60462,41.62522187,-87.83280408,ed78b08e-824c-46eb-9fa4-43bd8275ca7a,2025-05-30T02:09:39.567Z
40973,Thomas,Newman,+16735602522,thomas.newman@gmail.com,17,M,New Jersey,Howell Township,7731,40.14927483,-74.1993281,ed78b08e-824c-46eb-9fa4-43bd8275ca7a,2025-05-30T02:09:39.567Z
32503,Raymond,Greer,+17138317425,raymond.greer@yahoo.com,48,M,Texas,Laredo,78046,27.37426907,-99.35083131,ed78b08e-824c-46eb-9fa4-43bd8275ca7a,2025-05-30T02:09:39.567Z
95376,Philip,Hess,+18622345756,philip.hess@hotmail.com,58,M,Colorado,Fort Collins,80525,40.53072315,-105.035464,ed78b08e-824c-46eb-9fa4-43bd8275ca7a,2025-05-30T02:09:39.567Z
68063,Stephen,Walker,+14699263743,stephen.walker@hotmail.com,69,M,California,San Marcos,92069,33.17813094,-117.1585053,ed78b08e-824c-46eb-9fa4-43bd8275ca7a,2025-05-30T02:09:39.567Z
33168,Alison,Richardson,+14385023934,alison.richardson@yahoo.com,67,M,Arizona,Mesa,85203,33.45058926,-111.8046068,ed78b08e-824c-46eb-9fa4-43bd8275ca7a,2025-05-30T02:09:39.567Z
84640,Michelle,Clarke,+13402337169,michelle.clarke@gmail.com,19,M,Maryland,Potomac,20854,39.03335161,-77.22060176,ed78b08e-824c-46eb-9fa4-43bd8275ca7a,2025-05-30T02:09:39.567Z
42836,Eileen,Chavez,+16963042539,eileen.chavez@hotmail.com,40,F,New York,New York,11369,40.76350321,-73.86864032,ed78b08e-824c-46eb-9fa4-43bd8275ca7a,2025-05-30T02:09:39.567Z
28761,Sara,Houston,+13652038016,sara.houston@hotmail.com,25,F,Louisiana,Houma,70360,29.55545313,-90.84960394,ed78b08e-824c-46eb-9fa4-43bd8275ca7a,2025-05-30T02:09:39.567Z
20865,Dana,Gill,+16037999661,dana.gill@hotmail.com,67,F,New York,New York,11373,40.73858273,-73.87869308,ed78b08e-824c-46eb-9fa4-43bd8275ca7a,2025-05-30T02:09:39.567Z
71544,Isaac,Gray,+12188691316,isaac.gray@gmail.com,43,F,Michigan,Grand Blanc Township,48439,42.91827668,-83.62439005,ed78b08e-824c-46eb-9fa4-43bd8275ca7a,2025-05-30T02:09:39.567Z
75716,Jamie,Lewis,+13543197142,jamie.lewis@yahoo.com,40,F,Texas,Burleson,76028,32.52547927,-97.30697099,ed78b08e-824c-46eb-9fa4-43bd8275ca7a,2025-05-30T02:09:39.567Z
27410,Jonathan,Miller,+16454435816,jonathan.miller@gmail.com,58,F,Alabama,Huntsville,35801,34.72596807,-86.55401821,ed78b08e-824c-46eb-9fa4-43bd8275ca7a,2025-05-30T02:09:39.567Z
21288,Steven,Hernandez,+13054512113,steven.hernandez@gmail.com,42,M,New York,New York,11375,40.72268326,-73.843796,ed78b08e-824c-46eb-9fa4-43bd8275ca7a,2025-05-30T02:09:39.567Z
87466,Brian,Washington,+17432722827,brian.washington@yahoo.com,34,M,Minnesota,Burnsville,55337,44.77773026,-93.27403534,ed78b08e-824c-46eb-9fa4-43bd8275ca7a,2025-05-30T02:09:39.567Z
83432,David,Sutton,+12443261980,david.sutton@hotmail.com,27,M,North Carolina,Morganton,28655,35.75883323,-81.73999743,ed78b08e-824c-46eb-9fa4-43bd8275ca7a,2025-05-30T02:09:39.567Z
90346,Crystal,Davis,+14803291070,crystal.davis@yahoo.com,38,M,California,Merced,95341,37.22569159,-120.5000013,ed78b08e-824c-46eb-9fa4-43bd8275ca7a,2025-05-30T02:09:39.567Z
45768,Barbara,Garner,+17127423423,barbara.garner@yahoo.com,44,M,New York,New York,11385,40.70201929,-73.89042731,ed78b08e-824c-46eb-9fa4-43bd8275ca7a,2025-05-30T02:09:39.567Z
18513,Evan,Ayala,+19645784873,evan.ayala@hotmail.com,65,M,Louisiana,New Orleans,70461,30.22805716,-89.68763672,ed78b08e-824c-46eb-9fa4-43bd8275ca7a,2025-05-30T02:09:39.567Z
46376,Amber,Cox,+19139509051,amber.cox@yahoo.com,17,M,Texas,Deer Park,77536,29.69572898,-95.11782884,ed78b08e-824c-46eb-9fa4-43bd8275ca7a,2025-05-30T02:09:39.567Z
6471,Sarah,Clark,+19316569624,sarah.clark@hotmail.com,27,M,California,Antioch,94531,37.96084695,-121.7809908,ed78b08e-824c-46eb-9fa4-43bd8275ca7a,2025-05-30T02:09:39.567Z
43887,Lee,York,+19709718916,lee.york@hotmail.com,18,M,Texas,Cedar Park,78613,30.50569948,-97.820055,ed78b08e-824c-46eb-9fa4-43bd8275ca7a,2025-05-30T02:09:39.567Z
87463,Joseph,Santiago,+16382835548,joseph.santiago@hotmail.com,66,M,Texas,Garland,75040,32.92882411,-96.62194385,ed78b08e-824c-46eb-9fa4-43bd8275ca7a,2025-05-30T02:09:39.567Z
52114,Shelly,Lawrence,+18786182924,shelly.lawrence@yahoo.com,35,M,Texas,Jollyville,78729,30.45943303,-97.75105555,ed78b08e-824c-46eb-9fa4-43bd8275ca7a,2025-05-30T02:09:39.567Z
28272,Kristopher,Sullivan,+17233993840,kristopher.sullivan@hotmail.com,55,M,Florida,Silver Springs Shores,34472,29.11824167,-81.99683989,ed78b08e-824c-46eb-9fa4-43bd8275ca7a,2025-05-30T02:09:39.567Z
64073,Tracy,Brown,+19615702901,tracy.brown@yahoo.com,35,M,Virginia,Bellwood,23237,37.40195895,-77.45538899,ed78b08e-824c-46eb-9fa4-43bd8275ca7a,2025-05-30T02:09:39.567Z
14233,Ryan,Ruiz,+18654023872,ryan.ruiz@gmail.com,68,M,California,Auburn,95603,38.917146,-121.0715739,ed78b08e-824c-46eb-9fa4-43bd8275ca7a,2025-05-30T02:09:39.567Z
38794,Angela,Kennedy,+16849121531,angela.kennedy@yahoo.com,12,M,New York,New York,11419,40.68874277,-73.8229161,ed78b08e-824c-46eb-9fa4-43bd8275ca7a,2025-05-30T02:09:39.567Z
50525,Rachel,Gross,+16865074455,rachel.gross@hotmail.com,33,M,South Carolina,North Charleston,29485,32.94722122,-80.19053456,ed78b08e-824c-46eb-9fa4-43bd8275ca7a,2025-05-30T02:09:39.567Z
84809,William,Cross,+16495753834,william.cross@gmail.com,65,M,Texas,Lewisville,75067,33.02208303,-96.99505699,ed78b08e-824c-46eb-9fa4-43bd8275ca7a,2025-05-30T02:09:39.567Z
35229,James,Mccarthy,+14685474809,james.mccarthy@yahoo.com,70,M,New York,New York,11234,40.6055252,-73.90862696,ed78b08e-824c-46eb-9fa4-43bd8275ca7a,2025-05-30T02:09:39.567Z
13553,Abigail,Cohen,+13177822481,abigail.cohen@yahoo.com,56,M,Florida,Zephyrhills,33542,28.23538737,-82.17708117,ed78b08e-824c-46eb-9fa4-43bd8275ca7a,2025-05-30T02:09:39.567Z
69263,James,Hopkins,+16462421378,james.hopkins@gmail.com,22,M,Texas,League City,77573,29.49727435,-95.09144539,ed78b08e-824c-46eb-9fa4-43bd8275ca7a,2025-05-30T02:09:39.567Z
37153,Kathleen,Aguilar,+16172739207,kathleen.aguilar@hotmail.com,52,M,Michigan,Eastpointe,48021,42.46567639,-82.94590842,ed78b08e-824c-46eb-9fa4-43bd8275ca7a,2025-05-30T02:09:39.567Z
78267,Lisa,Harvey,+13482452150,lisa.harvey@yahoo.com,54,M,Washington,Lacey,98503,47.02497527,-122.7997427,ed78b08e-824c-46eb-9fa4-43bd8275ca7a,2025-05-30T02:09:39.567Z
66998,Christopher,Riley,+19322118018,christopher.riley@hotmail.com,58,F,New York,New York,11420,40.6737959,-73.81764295,ed78b08e-824c-46eb-9fa4-43bd8275ca7a,2025-05-30T02:09:39.567Z
78713,Kevin,Phillips,+19296481139,kevin.phillips@yahoo.com,69,F,Oregon,Hillsboro,97123,45.44372928,-122.9830639,ed78b08e-824c-46eb-9fa4-43bd8275ca7a,2025-05-30T02:09:39.567Z
11551,Ian,Huang,+12317149499,ian.huang@hotmail.com,18,F,Arizona,Phoenix,85032,33.62644818,-112.0038115,ed78b08e-824c-46eb-9fa4-43bd8275ca7a,2025-05-30T02:09:39.567Z
40773,John,Morgan,+15678765046,john.morgan@gmail.com,42,M,New York,New York,11421,40.69370444,-73.85833323,ed78b08e-824c-46eb-9fa4-43bd8275ca7a,2025-05-30T02:09:39.567Z
33061,Jodi,Carter,+15695243216,jodi.carter@hotmail.com,35,M,Iowa,Ames,50014,42.05085639,-93.69778249,ed78b08e-824c-46eb-9fa4-43bd8275ca7a,2025-05-30T02:09:39.567Z
29444,David,Tyler,+17395618332,david.tyler@yahoo.com,52,M,Ohio,Toledo,43615,41.65093381,-83.67327447,ed78b08e-824c-46eb-9fa4-43bd8275ca7a,2025-05-30T02:09:39.567Z
7037,Megan,Frazier,+19168307846,megan.frazier@hotmail.com,53,M,Massachusetts,Brockton,2301,42.07787801,-71.04233611,ed78b08e-824c-46eb-9fa4-43bd8275ca7a,2025-05-30T02:09:39.567Z
11024,Diana,Mcgee,+15384486767,diana.mcgee@hotmail.com,62,M,Alabama,Montgomery,36116,32.27384604,-86.21682948,ed78b08e-824c-46eb-9fa4-43bd8275ca7a,2025-05-30T02:09:39.567Z
76813,Kelly,Cline,+17846628238,kelly.cline@yahoo.com,64,M,New York,New York,11435,40.70137987,-73.80970862,ed78b08e-824c-46eb-9fa4-43bd8275ca7a,2025-05-30T02:09:39.567Z
45651,Donald,Anthony,+13216778506,donald.anthony@yahoo.com,23,M,Tennessee,Memphis,38109,35.03483871,-90.14803744,ed78b08e-824c-46eb-9fa4-43bd8275ca7a,2025-05-30T02:09:39.567Z
46625,William,Jimenez,+13608177872,william.jimenez@yahoo.com,51,M,California,Sacramento,95834,38.64487764,-121.5212015,ed78b08e-824c-46eb-9fa4-43bd8275ca7a,2025-05-30T02:09:39.567Z
66286,Raymond,Williams,+14222627307,raymond.williams@yahoo.com,61,M,Colorado,Aurora,80013,39.66065974,-104.7683103,ed78b08e-824c-46eb-9fa4-43bd8275ca7a,2025-05-30T02:09:39.567Z
24065,Stacy,Burke,+16533597640,stacy.burke@gmail.com,26,M,Georgia,Gainesville,30507,34.260116,-83.76672163,ed78b08e-824c-46eb-9fa4-43bd8275ca7a,2025-05-30T02:09:39.567Z
38923,Jessica,Frank,+16807183239,jessica.frank@gmail.com,16,M,New York,Glen Cove,11542,40.87071112,-73.62843387,ed78b08e-824c-46eb-9fa4-43bd8275ca7a,2025-05-30T02:09:39.567Z
97585,Christina,Perez,+12138362438,christina.perez@gmail.com,66,M,Virginia,Newington,22153,38.74430568,-77.23462221,ed78b08e-824c-46eb-9fa4-43bd8275ca7a,2025-05-30T02:09:39.567Z
438,Richard,Stevenson,+14974708498,richard.stevenson@gmail.com,41,M,New York,Selden,11784,40.86890634,-73.04071942,ed78b08e-824c-46eb-9fa4-43bd8275ca7a,2025-05-30T02:09:39.567Z
80816,Brittany,Randolph,+13058488301,brittany.randolph@hotmail.com,24,M,New Jersey,Belleville,7109,40.79513136,-74.1620088,ed78b08e-824c-46eb-9fa4-43bd8275ca7a,2025-05-30T02:09:39.567Z
60558,Samantha,Parker,+18639393135,samantha.parker@hotmail.com,30,M,Texas,Euless,76039,32.8593349,-97.07351136,ed78b08e-824c-46eb-9fa4-43bd8275ca7a,2025-05-30T02:09:39.567Z
63260,Philip,Wilkins,+14774291435,philip.wilkins@gmail.com,65,M,New York,New York,11356,40.7874842,-73.84761299,ed78b08e-824c-46eb-9fa4-43bd8275ca7a,2025-05-30T02:09:39.567Z
74686,John,Gibbs,+14303813968,john.gibbs@hotmail.com,31,M,New York,Central Islip,11722,40.78321851,-73.19705948,ed78b08e-824c-46eb-9fa4-43bd8275ca7a,2025-05-30T02:09:39.567Z
80079,Nichole,Kim,+15477748214,nichole.kim@hotmail.com,56,M,Nebraska,Omaha,68107,41.20841337,-95.95191722,ed78b08e-824c-46eb-9fa4-43bd8275ca7a,2025-05-30T02:09:39.567Z
6787,Robert,Tucker,+16168561692,robert.tucker@hotmail.com,65,M,Florida,Saint Augustine Shores,32086,29.75554477,-81.30176108,ed78b08e-824c-46eb-9fa4-43bd8275ca7a,2025-05-30T02:09:39.567Z
17594,Caitlin,Hendricks,+14165119310,caitlin.hendricks@yahoo.com,48,M,California,El Centro,92243,32.77494831,-115.6037908,ed78b08e-824c-46eb-9fa4-43bd8275ca7a,2025-05-30T02:09:39.567Z
18491,Richard,Thomas,+12178534952,richard.thomas@yahoo.com,66,M,Michigan,Detroit,48221,42.42712956,-83.14851949,ed78b08e-824c-46eb-9fa4-43bd8275ca7a,2025-05-30T02:09:39.567Z
55508,Sophia,Patton,+14468454078,sophia.patton@yahoo.com,44,M,Texas,Austin,78748,30.16383039,-97.82468935,ed78b08e-824c-46eb-9fa4-43bd8275ca7a,2025-05-30T02:09:39.567Z
9012,Gregory,Giles,+18645406775,gregory.giles@gmail.com,62,M,Pennsylvania,Mechanicsburg,17055,40.17824134,-76.99915134,ed78b08e-824c-46eb-9fa4-43bd8275ca7a,2025-05-30T02:09:39.567Z
26194,Catherine,Martinez,+13493076112,catherine.martinez@yahoo.com,43,M,Arizona,Tempe,85282,33.39429656,-111.932376,ed78b08e-824c-46eb-9fa4-43bd8275ca7a,2025-05-30T02:09:39.567Z
28645,Lauren,Johnson,+13594332390,lauren.johnson@yahoo.com,65,M,California,San Diego,92124,32.82667933,-117.0892147,ed78b08e-824c-46eb-9fa4-43bd8275ca7a,2025-05-30T02:09:39.567Z
16268,Roy,West,+13352573649,roy.west@gmail.com,43,M,Arkansas,Texarkana,71854,33.43612936,-93.88925235,ed78b08e-824c-46eb-9fa4-43bd8275ca7a,2025-05-30T02:09:39.567Z
56335,Andrew,Harris,+19829878702,andrew.harris@yahoo.com,16,M,North Carolina,Durham,27704,36.04036649,-78.8266395,ed78b08e-824c-46eb-9fa4-43bd8275ca7a,2025-05-30T02:09:39.567Z
9923,Paul,Smith,+12867308366,paul.smith@hotmail.com,41,M,California,San Diego,92119,32.81256788,-117.0352066,ed78b08e-824c-46eb-9fa4-43bd8275ca7a,2025-05-30T02:09:39.567Z
42603,Ronald,Alexander,+12199394948,ronald.alexander@gmail.com,51,F,New York,Commack,11725,40.84042404,-73.2806418,ed78b08e-824c-46eb-9fa4-43bd8275ca7a,2025-05-30T02:09:39.567Z
58217,Christopher,Murray,+14629586442,christopher.murray@yahoo.com,60,F,Tennessee,Nashville,37013,36.04072592,-86.63857994,ed78b08e-824c-46eb-9fa4-43bd8275ca7a,2025-05-30T02:09:39.567Z
35450,Molly,Todd,+18788358954,molly.todd@yahoo.com,51,F,Illinois,Chicago,60628,41.69155566,-87.61836454,ed78b08e-824c-46eb-9fa4-43bd8275ca7a,2025-05-30T02:09:39.567Z
61466,Karla,Peterson,+17705839857,karla.peterson@gmail.com,15,F,Arizona,Phoenix,85037,33.49069774,-112.2676938,ed78b08e-824c-46eb-9fa4-43bd8275ca7a,2025-05-30T02:09:39.567Z
71658,Christina,Smith,+18339475262,christina.smith@yahoo.com,20,F,Illinois,Villa Park,60181,41.87865304,-87.97574452,ed78b08e-824c-46eb-9fa4-43bd8275ca7a,2025-05-30T02:09:39.567Z
38447,Jessica,Singh,+19302335220,jessica.singh@yahoo.com,33,F,Mississippi,Biloxi,39532,30.49621309,-88.96507493,ed78b08e-824c-46eb-9fa4-43bd8275ca7a,2025-05-30T02:09:39.567Z
69664,Daniel,Silva,+17923745558,daniel.silva@gmail.com,14,F,Illinois,Aurora,60505,41.76530281,-88.29345958,ed78b08e-824c-46eb-9fa4-43bd8275ca7a,2025-05-30T02:09:39.567Z
95213,Brian,Wolfe,+14943163155,brian.wolfe@hotmail.com,14,F,California,Pomona,91767,34.08151728,-117.7384615,ed78b08e-824c-46eb-9fa4-43bd8275ca7a,2025-05-30T02:09:39.567Z
83350,Jared,Garrett,+19119067291,jared.garrett@yahoo.com,53,F,California,Los Angeles,90062,34.00350136,-118.309036,ed78b08e-824c-46eb-9fa4-43bd8275ca7a,2025-05-30T02:09:39.567Z
46826,Jason,White,+17705663165,jason.white@hotmail.com,69,F,New York,New York,10462,40.84217251,-73.85723543,ed78b08e-824c-46eb-9fa4-43bd8275ca7a,2025-05-30T02:09:39.567Z
62657,Robert,Rosario,+17396074746,robert.rosario@hotmail.com,62,F,New York,Levittown,11756,40.72540424,-73.51663395,ed78b08e-824c-46eb-9fa4-43bd8275ca7a,2025-05-30T02:09:39.567Z
52824,Kristine,Taylor,+19876875261,kristine.taylor@yahoo.com,65,F,California,Gardena,90249,33.90146186,-118.3171494,ed78b08e-824c-46eb-9fa4-43bd8275ca7a,2025-05-30T02:09:39.567Z
71744,Barbara,Braun,+15068248822,barbara.braun@hotmail.com,14,F,Tennessee,Dickson,37055,36.07796085,-87.44279327,ed78b08e-824c-46eb-9fa4-43bd8275ca7a,2025-05-30T02:09:39.567Z
10121,Nicholas,Phillips,+17479235215,nicholas.phillips@gmail.com,58,F,Georgia,Putney,31705,31.49889524,-84.04430245,ed78b08e-824c-46eb-9fa4-43bd8275ca7a,2025-05-30T02:09:39.567Z
26631,Franklin,Weaver,+13474582530,franklin.weaver@hotmail.com,60,F,California,Fresno,93726,36.79361686,-119.7615026,ed78b08e-824c-46eb-9fa4-43bd8275ca7a,2025-05-30T02:09:39.567Z
1330,Katherine,Rose,+19085476707,katherine.rose@gmail.com,29,F,Michigan,Beechwood,49424,42.84159606,-86.13497432,ed78b08e-824c-46eb-9fa4-43bd8275ca7a,2025-05-30T02:09:39.567Z
19462,David,Wolfe,+12976211882,david.wolfe@hotmail.com,43,F,Arizona,Casa Grande,85122,32.92911657,-111.7457894,ed78b08e-824c-46eb-9fa4-43bd8275ca7a,2025-05-30T02:09:39.567Z
80264,Jeffrey,Ross,+18389757395,jeffrey.ross@yahoo.com,69,F,California,Lompoc,93436,34.60480533,-120.4065369,ed78b08e-824c-46eb-9fa4-43bd8275ca7a,2025-05-30T02:09:39.567Z
33851,Katie,Bentley,+13895558796,katie.bentley@hotmail.com,63,F,Wisconsin,West Allis,53214,43.02075542,-88.01544061,ed78b08e-824c-46eb-9fa4-43bd8275ca7a,2025-05-30T02:09:39.567Z
26920,Natalie,Mueller,+15326111866,natalie.mueller@gmail.com,37,F,Connecticut,Torrington,6790,41.83733796,-73.12919907,ed78b08e-824c-46eb-9fa4-43bd8275ca7a,2025-05-30T02:09:39.567Z
26094,Crystal,Ward,+19456731680,crystal.ward@hotmail.com,24,M,New York,Riverhead,11901,40.9339771,-72.64226675,ed78b08e-824c-46eb-9fa4-43bd8275ca7a,2025-05-30T02:09:39.567Z
29327,Noah,Wagner,+19936875095,noah.wagner@hotmail.com,61,M,Oklahoma,Broken Arrow,74012,36.05346399,-95.80465001,ed78b08e-824c-46eb-9fa4-43bd8275ca7a,2025-05-30T02:09:39.567Z
93846,Chelsea,Wood,+14629055431,chelsea.wood@hotmail.com,38,M,New Mexico,Albuquerque,87123,35.04304409,-106.486568,ed78b08e-824c-46eb-9fa4-43bd8275ca7a,2025-05-30T02:09:39.567Z
37638,Angel,Hunt,+16285434685,angel.hunt@yahoo.com,39,M,Arizona,Peoria,85345,33.57155442,-112.2461783,ed78b08e-824c-46eb-9fa4-43bd8275ca7a,2025-05-30T02:09:39.567Z
88219,Vanessa,Brown,+18605165089,vanessa.brown@hotmail.com,36,M,Indiana,Greenwood,46143,39.59525302,-86.11117926,ed78b08e-824c-46eb-9fa4-43bd8275ca7a,2025-05-30T02:09:39.567Z
65325,Dwayne,Mcbride,+14693278659,dwayne.mcbride@gmail.com,56,M,Colorado,Denver,80204,39.73467962,-105.0207282,ed78b08e-824c-46eb-9fa4-43bd8275ca7a,2025-05-30T02:09:39.567Z
25825,John,Baker,+19095223670,john.baker@gmail.com,58,M,Arizona,Scottsdale,85260,33.61016633,-111.8920796,ed78b08e-824c-46eb-9fa4-43bd8275ca7a,2025-05-30T02:09:39.567Z
79806,Kenneth,Peterson,+18994949474,kenneth.peterson@gmail.com,22,F,New York,Rotterdam,12303,42.74908272,-73.92637901,ed78b08e-824c-46eb-9fa4-43bd8275ca7a,2025-05-30T02:09:39.567Z
83310,Kevin,Pope,+13862165376,kevin.pope@gmail.com,28,F,California,Martinez,94553,37.98704192,-122.1443568,ed78b08e-824c-46eb-9fa4-43bd8275ca7a,2025-05-30T02:09:39.567Z
53635,Jason,Davis,+15385215588,jason.davis@hotmail.com,52,F,Texas,Garland,75040,32.92882411,-96.62194385,ed78b08e-824c-46eb-9fa4-43bd8275ca7a,2025-05-30T02:09:39.567Z
36107,Christina,Mccarthy,+19372603712,christina.mccarthy@gmail.com,58,F,Washington,Mercer Island,98040,47.56777429,-122.2324754,ed78b08e-824c-46eb-9fa4-43bd8275ca7a,2025-05-30T02:09:39.567Z
89350,April,Young,+15128754193,april.young@yahoo.com,30,F,Florida,Jacksonville,32218,30.4828862,-81.67526295,ed78b08e-824c-46eb-9fa4-43bd8275ca7a,2025-05-30T02:09:39.567Z
64578,Maria,Avila,+13545721445,maria.avila@gmail.com,15,M,New York,Poughkeepsie,12601,41.70134048,-73.91483513,ed78b08e-824c-46eb-9fa4-43bd8275ca7a,2025-05-30T02:09:39.567Z
47693,Margaret,Shepherd,+18105691537,margaret.shepherd@hotmail.com,56,M,Florida,St. Petersburg,33710,27.78982225,-82.72990331,ed78b08e-824c-46eb-9fa4-43bd8275ca7a,2025-05-30T02:09:39.567Z
86431,Lori,Beard,+14598043066,lori.beard@yahoo.com,43,M,New York,New York,10314,40.60085425,-74.1637798,ed78b08e-824c-46eb-9fa4-43bd8275ca7a,2025-05-30T02:09:39.567Z
11150,Patricia,Brock,+14547663308,patricia.brock@hotmail.com,60,M,Virginia,Dale City,22193,38.64334556,-77.34835872,ed78b08e-824c-46eb-9fa4-43bd8275ca7a,2025-05-30T02:09:39.567Z
54870,Michael,Lee,+17999158255,michael.lee@yahoo.com,57,M,Arizona,Tucson,85756,32.07193931,-110.9066658,ed78b08e-824c-46eb-9fa4-43bd8275ca7a,2025-05-30T02:09:39.567Z
35438,Philip,Taylor,+15688333342,philip.taylor@hotmail.com,61,M,Ohio,Cleveland Heights,44118,41.50199323,-81.55629612,ed78b08e-824c-46eb-9fa4-43bd8275ca7a,2025-05-30T02:09:39.567Z
86787,Kyle,Schultz,+12628298864,kyle.schultz@gmail.com,64,M,California,Santa Rosa,95401,38.44902926,-122.792245,ed78b08e-824c-46eb-9fa4-43bd8275ca7a,2025-05-30T02:09:39.567Z
62725,Thomas,Lopez,+13252508751,thomas.lopez@yahoo.com,69,M,New York,Oswego,13126,43.43918079,-76.46065344,ed78b08e-824c-46eb-9fa4-43bd8275ca7a,2025-05-30T02:09:39.567Z
36789,Ricardo,Collins,+16587633597,ricardo.collins@hotmail.com,36,M,Texas,Houston,77077,29.75039492,-95.61552234,ed78b08e-824c-46eb-9fa4-43bd8275ca7a,2025-05-30T02:09:39.567Z
30858,Rebecca,Griffith,+16146281543,rebecca.griffith@hotmail.com,67,M,California,Yucaipa,92399,34.04345985,-117.0019517,ed78b08e-824c-46eb-9fa4-43bd8275ca7a,2025-05-30T02:09:39.567Z
82732,Christopher,Gray,+15159798337,christopher.gray@hotmail.com,38,F,New York,Pittsford,14534,43.05638594,-77.52070661,ed78b08e-824c-46eb-9fa4-43bd8275ca7a,2025-05-30T02:09:39.567Z
45451,Derek,Palmer,+15918437509,derek.palmer@hotmail.com,30,F,North Carolina,Raleigh,27603,35.66500487,-78.66283153,ed78b08e-824c-46eb-9fa4-43bd8275ca7a,2025-05-30T02:09:39.567Z
63502,Debra,Long,+12356036329,debra.long@yahoo.com,65,F,New Jersey,Neptune Township,7753,40.21624731,-74.07898963,ed78b08e-824c-46eb-9fa4-43bd8275ca7a,2025-05-30T02:09:39.567Z
4311,Bryan,Welch,+16066157414,bryan.welch@yahoo.com,58,F,Georgia,Tifton,31794,31.44217634,-83.44296974,ed78b08e-824c-46eb-9fa4-43bd8275ca7a,2025-05-30T02:09:39.567Z
69125,Charles,Roy,+15378919280,charles.roy@gmail.com,48,F,Nebraska,Omaha,68134,41.29817832,-96.05087138,ed78b08e-824c-46eb-9fa4-43bd8275ca7a,2025-05-30T02:09:39.567Z
73877,Maurice,Brooks,+17796452082,maurice.brooks@yahoo.com,49,F,New York,New York,11419,40.68874277,-73.8229161,ed78b08e-824c-46eb-9fa4-43bd8275ca7a,2025-05-30T02:09:39.567Z
38369,Donald,Ramirez,+14572744550,donald.ramirez@gmail.com,48,M,Florida,Crawfordville,32327,30.1946706,-84.31612681,ed78b08e-824c-46eb-9fa4-43bd8275ca7a,2025-05-30T02:09:39.567Z
84789,Carrie,Lynch,+16188896895,carrie.lynch@hotmail.com,33,M,Georgia,Jefferson,30549,34.10698184,-83.5794396,ed78b08e-824c-46eb-9fa4-43bd8275ca7a,2025-05-30T02:09:39.567Z
29311,Stephen,Fox,+18179705934,stephen.fox@hotmail.com,62,F,Pennsylvania,Weigelstown,17315,40.02289331,-76.86518495,ed78b08e-824c-46eb-9fa4-43bd8275ca7a,2025-05-30T02:09:39.567Z
1895,Jacob,Park,+16523945635,jacob.park@gmail.com,51,M,Pennsylvania,Lancaster,17602,40.01303499,-76.24793989,ed78b08e-824c-46eb-9fa4-43bd8275ca7a,2025-05-30T02:09:39.567Z
86959,Molly,Krueger,+18726486731,molly.krueger@yahoo.com,22,M,Texas,San Antonio,78247,29.57838231,-98.41386039,ed78b08e-824c-46eb-9fa4-43bd8275ca7a,2025-05-30T02:09:39.567Z
41380,John,Greene,+18737249301,john.greene@hotmail.com,68,M,Pennsylvania,Doylestown,18901,40.30629764,-75.15047846,ed78b08e-824c-46eb-9fa4-43bd8275ca7a,2025-05-30T02:09:39.567Z
82883,Barbara,Hill,+15624705505,barbara.hill@yahoo.com,70,M,Florida,Wesley Chapel,33543,28.20076065,-82.30204122,ed78b08e-824c-46eb-9fa4-43bd8275ca7a,2025-05-30T02:09:39.567Z
94356,Briana,Dunlap,+19729803351,briana.dunlap@yahoo.com,26,M,Texas,Houston,77017,29.68968087,-95.25301734,ed78b08e-824c-46eb-9fa4-43bd8275ca7a,2025-05-30T02:09:39.567Z
74305,Jeffrey,Rhodes,+12599353663,jeffrey.rhodes@gmail.com,37,M,Oregon,Tigard,97223,45.44056292,-122.7790327,ed78b08e-824c-46eb-9fa4-43bd8275ca7a,2025-05-30T02:09:39.567Z
78801,Regina,Morales,+19054988805,regina.morales@gmail.com,40,M,Mississippi,Corinth,38834,34.91642862,-88.56365502,ed78b08e-824c-46eb-9fa4-43bd8275ca7a,2025-05-30T02:09:39.567Z
16373,Edward,Evans,+15837196882,edward.evans@hotmail.com,47,M,Massachusetts,Chelmsford,1824,42.5913198,-71.35566228,ed78b08e-824c-46eb-9fa4-43bd8275ca7a,2025-05-30T02:09:39.567Z
62362,Jessica,Allison,+15889748175,jessica.allison@hotmail.com,67,M,West Virginia,Morgantown,26505,39.65398967,-79.9479284,ed78b08e-824c-46eb-9fa4-43bd8275ca7a,2025-05-30T02:09:39.567Z
76900,Amanda,Kline,+17093726639,amanda.kline@hotmail.com,18,M,Virginia,Hampton,23669,37.05197388,-76.33921669,ed78b08e-824c-46eb-9fa4-43bd8275ca7a,2025-05-30T02:09:39.567Z
78805,Richard,Meyer,+18187392386,richard.meyer@yahoo.com,70,F,Massachusetts,Wakefield,1880,42.50339468,-71.06582107,ed78b08e-824c-46eb-9fa4-43bd8275ca7a,2025-05-30T02:09:39.567Z
96005,Kelly,Delgado,+16229783982,kelly.delgado@gmail.com,58,F,Washington,Everett,98208,47.9012039,-122.1867583,ed78b08e-824c-46eb-9fa4-43bd8275ca7a,2025-05-30T02:09:39.567Z
95534,Meredith,Burke,+17602441288,meredith.burke@hotmail.com,36,F,Maryland,Baltimore,21218,39.32970547,-76.60148594,ed78b08e-824c-46eb-9fa4-43bd8275ca7a,2025-05-30T02:09:39.567Z
70611,Larry,Howard,+12945608114,larry.howard@gmail.com,25,F,Colorado,Denver,80211,39.76729372,-105.0199906,ed78b08e-824c-46eb-9fa4-43bd8275ca7a,2025-05-30T02:09:39.567Z
4800,Andrew,Carrillo,+13208356357,andrew.carrillo@hotmail.com,62,F,Pennsylvania,Southampton,18966,40.18756126,-75.0057361,ed78b08e-824c-46eb-9fa4-43bd8275ca7a,2025-05-30T02:09:39.567Z
72249,Melissa,Kaufman,+17184498819,melissa.kaufman@hotmail.com,17,F,North Carolina,Cary,27511,35.76317519,-78.784271,ed78b08e-824c-46eb-9fa4-43bd8275ca7a,2025-05-30T02:09:39.567Z
15860,Samantha,Perez,+13817273355,samantha.perez@yahoo.com,69,F,New York,Fairport,14450,43.0910439,-77.41687481,ed78b08e-824c-46eb-9fa4-43bd8275ca7a,2025-05-30T02:09:39.567Z
256,Tyler,Scott,+18142101528,tyler.scott@gmail.com,63,F,Virginia,Aquia Harbour,22554,38.43320917,-77.37717634,ed78b08e-824c-46eb-9fa4-43bd8275ca7a,2025-05-30T02:09:39.567Z
67402,Bryan,Gilbert,+15795432174,bryan.gilbert@hotmail.com,26,F,Pennsylvania,Spring House,19002,40.18412911,-75.21098996,ed78b08e-824c-46eb-9fa4-43bd8275ca7a,2025-05-30T02:09:39.567Z
17195,Rebecca,Jacobson,+19718291876,rebecca.jacobson@gmail.com,12,F,Illinois,Danville,61832,40.13521255,-87.63289299,ed78b08e-824c-46eb-9fa4-43bd8275ca7a,2025-05-30T02:09:39.567Z
64408,Kenneth,Scott,+12482572069,kenneth.scott@gmail.com,47,F,Texas,Rowlett,75089,32.93180016,-96.55078209,ed78b08e-824c-46eb-9fa4-43bd8275ca7a,2025-05-30T02:09:39.567Z
27708,Jessica,Keller,+13969521637,jessica.keller@hotmail.com,65,F,California,Gardena,90249,33.90146186,-118.3171494,ed78b08e-824c-46eb-9fa4-43bd8275ca7a,2025-05-30T02:09:39.567Z
6156,Vanessa,Hodges,+19583043331,vanessa.hodges@hotmail.com,65,F,California,Sanger,93657,36.80171597,-119.4224553,ed78b08e-824c-46eb-9fa4-43bd8275ca7a,2025-05-30T02:09:39.567Z
408,Rebecca,Diaz,+13633849029,rebecca.diaz@yahoo.com,40,F,Texas,Arlington,76013,32.71998937,-97.15544422,ed78b08e-824c-46eb-9fa4-43bd8275ca7a,2025-05-30T02:09:39.567Z
77680,Darrell,Lloyd,+18358787602,darrell.lloyd@yahoo.com,30,M,Pennsylvania,Yardley,19067,40.19529275,-74.80968944,ed78b08e-824c-46eb-9fa4-43bd8275ca7a,2025-05-30T02:09:39.567Z
68642,Lindsay,Carter,+19486361502,lindsay.carter@gmail.com,20,M,Idaho,Rexburg,83440,43.8153559,-111.843299,ed78b08e-824c-46eb-9fa4-43bd8275ca7a,2025-05-30T02:09:39.567Z
16779,Mario,Rivera,+15529257664,mario.rivera@hotmail.com,70,M,Nevada,Las Vegas,89117,36.14258641,-115.2797297,ed78b08e-824c-46eb-9fa4-43bd8275ca7a,2025-05-30T02:09:39.567Z
11120,Daniel,Butler,+14696325425,daniel.butler@yahoo.com,32,M,Pennsylvania,Havertown,19083,39.97710797,-75.31226522,ed78b08e-824c-46eb-9fa4-43bd8275ca7a,2025-05-30T02:09:39.567Z
80378,Erika,Gutierrez,+12474822504,erika.gutierrez@hotmail.com,42,M,Ohio,Marion,43302,40.59591851,-83.13431746,ed78b08e-824c-46eb-9fa4-43bd8275ca7a,2025-05-30T02:09:39.567Z
4737,Keith,Ellis,+14348757051,keith.ellis@gmail.com,66,M,Illinois,Crystal Lake,60014,42.23141423,-88.32744475,ed78b08e-824c-46eb-9fa4-43bd8275ca7a,2025-05-30T02:09:39.567Z
37378,Adam,Strickland,+19169816348,adam.strickland@hotmail.com,30,M,Kansas,Wichita,67216,37.60782983,-97.31499298,ed78b08e-824c-46eb-9fa4-43bd8275ca7a,2025-05-30T02:09:39.567Z
84491,Ashley,Diaz,+12466625792,ashley.diaz@hotmail.com,40,M,New Jersey,Linden,7036,40.6232268,-74.23813271,ed78b08e-824c-46eb-9fa4-43bd8275ca7a,2025-05-30T02:09:39.567Z
24559,Samuel,Jackson,+16996533848,samuel.jackson@hotmail.com,19,M,Utah,South Jordan,84095,40.55858241,-111.9416872,ed78b08e-824c-46eb-9fa4-43bd8275ca7a,2025-05-30T02:09:39.567Z
7175,Caroline,Rodriguez,+15984356068,caroline.rodriguez@gmail.com,36,M,Nevada,Las Vegas,89121,36.12085702,-115.0910173,ed78b08e-824c-46eb-9fa4-43bd8275ca7a,2025-05-30T02:09:39.567Z
15657,Leah,Ramirez,+17088663411,leah.ramirez@yahoo.com,34,M,Pennsylvania,Philadelphia,19115,40.09201821,-75.04369424,ed78b08e-824c-46eb-9fa4-43bd8275ca7a,2025-05-30T02:09:39.567Z
80037,David,Kerr,+13023047630,david.kerr@hotmail.com,67,M,Utah,Tooele,84074,40.59096319,-112.2678088,ed78b08e-824c-46eb-9fa4-43bd8275ca7a,2025-05-30T02:09:39.567Z
32270,Karen,Campos,+12532364821,karen.campos@hotmail.com,26,M,Colorado,Centennial,80015,39.62566873,-104.7822578,ed78b08e-824c-46eb-9fa4-43bd8275ca7a,2025-05-30T02:09:39.567Z
51834,Matthew,Castro,+17459386524,matthew.castro@yahoo.com,46,M,Idaho,Idaho Falls,83401,43.53942107,-111.8925045,ed78b08e-824c-46eb-9fa4-43bd8275ca7a,2025-05-30T02:09:39.567Z
40800,Ashley,Sullivan,+13042552455,ashley.sullivan@yahoo.com,20,M,Georgia,Stonecrest,30058,33.7378955,-84.10725973,ed78b08e-824c-46eb-9fa4-43bd8275ca7a,2025-05-30T02:09:39.567Z
93744,Candice,Moon,+17547963047,candice.moon@yahoo.com,31,M,South Carolina,Mount Pleasant,29464,32.8186944,-79.85858382,ed78b08e-824c-46eb-9fa4-43bd8275ca7a,2025-05-30T02:09:39.567Z
87934,Daniel,Cabrera,+14426009608,daniel.cabrera@yahoo.com,66,M,New York,Webster,14580,43.21908012,-77.44503942,ed78b08e-824c-46eb-9fa4-43bd8275ca7a,2025-05-30T02:09:39.567Z
23165,Miguel,Perry,+13908153033,miguel.perry@gmail.com,64,M,North Carolina,Raleigh,27615,35.89768026,-78.63662388,ed78b08e-824c-46eb-9fa4-43bd8275ca7a,2025-05-30T02:09:39.567Z
21195,Shannon,Gill,+19112915649,shannon.gill@hotmail.com,31,M,Pennsylvania,Allentown,18102,40.60763696,-75.47612781,ed78b08e-824c-46eb-9fa4-43bd8275ca7a,2025-05-30T02:09:39.567Z
42590,Angela,Berry,+16754884347,angela.berry@gmail.com,42,M,Arizona,Scottsdale,85255,33.67846147,-111.8555607,ed78b08e-824c-46eb-9fa4-43bd8275ca7a,2025-05-30T02:09:39.567Z
36137,Samantha,Miller,+15117706442,samantha.miller@hotmail.com,51,M,California,Rocklin,95765,38.81978122,-121.275139,ed78b08e-824c-46eb-9fa4-43bd8275ca7a,2025-05-30T02:09:39.567Z
52768,Kathryn,Forbes,+17273288451,kathryn.forbes@gmail.com,65,F,Pennsylvania,Philadelphia,19124,40.01719114,-75.09383178,ed78b08e-824c-46eb-9fa4-43bd8275ca7a,2025-05-30T02:09:39.567Z
3353,Brian,Davis,+18456888314,brian.davis@hotmail.com,20,F,Florida,Town 'n' Country,33615,28.00309307,-82.58383969,ed78b08e-824c-46eb-9fa4-43bd8275ca7a,2025-05-30T02:09:39.567Z
19415,Jessica,Mcdonald,+13075426838,jessica.mcdonald@hotmail.com,29,F,California,Lynwood,90262,33.92358856,-118.2005292,ed78b08e-824c-46eb-9fa4-43bd8275ca7a,2025-05-30T02:09:39.567Z
89398,Sarah,Brown,+18104272110,sarah.brown@gmail.com,68,F,California,Pico Rivera,90660,33.98970699,-118.0900303,ed78b08e-824c-46eb-9fa4-43bd8275ca7a,2025-05-30T02:09:39.567Z
89179,Patricia,Schmidt,+18679515214,patricia.schmidt@gmail.com,55,F,Iowa,Davenport,52806,41.58861729,-90.62777966,ed78b08e-824c-46eb-9fa4-43bd8275ca7a,2025-05-30T02:09:39.567Z
33683,Seth,Bates,+12067397964,seth.bates@gmail.com,40,F,California,Castro Valley,94546,37.71536547,-122.0820979,ed78b08e-824c-46eb-9fa4-43bd8275ca7a,2025-05-30T02:09:39.567Z
29895,Carol,Hull,+15384512690,carol.hull@gmail.com,14,F,Pennsylvania,Philadelphia,19134,39.98965252,-75.10738854,ed78b08e-824c-46eb-9fa4-43bd8275ca7a,2025-05-30T02:09:39.567Z
85480,James,Hicks,+14325187464,james.hicks@hotmail.com,66,F,Washington,Bellingham,98226,48.79716883,-122.4427617,ed78b08e-824c-46eb-9fa4-43bd8275ca7a,2025-05-30T02:09:39.567Z
23331,Matthew,Page,+17198496674,matthew.page@hotmail.com,38,F,California,Santa Clarita,91387,34.40827394,-118.387261,ed78b08e-824c-46eb-9fa4-43bd8275ca7a,2025-05-30T02:09:39.567Z
93670,Gregg,Thomas,+15773827249,gregg.thomas@yahoo.com,63,F,Nevada,Spanish Springs,89436,39.61186716,-119.6989061,ed78b08e-824c-46eb-9fa4-43bd8275ca7a,2025-05-30T02:09:39.567Z
41670,Patrick,Lyons,+19274883499,patrick.lyons@gmail.com,30,F,Texas,Austin,78759,30.40289607,-97.76096376,ed78b08e-824c-46eb-9fa4-43bd8275ca7a,2025-05-30T02:09:39.567Z
66473,Kelly,Nguyen,+16569904255,kelly.nguyen@hotmail.com,53,F,Florida,Boynton Beach,33435,26.5257842,-80.06079217,ed78b08e-824c-46eb-9fa4-43bd8275ca7a,2025-05-30T02:09:39.567Z
11787,Brenda,Miller,+16703149670,brenda.miller@hotmail.com,61,M,Pennsylvania,Philadelphia,19138,40.05595504,-75.15946431,ed78b08e-824c-46eb-9fa4-43bd8275ca7a,2025-05-30T02:09:39.567Z
60358,Michele,Fields,+19978455206,michele.fields@yahoo.com,42,M,Arizona,Flagstaff,86001,35.3061322,-111.6610274,ed78b08e-824c-46eb-9fa4-43bd8275ca7a,2025-05-30T02:09:39.567Z
94964,Scott,Maxwell,+16624312533,scott.maxwell@hotmail.com,15,M,Michigan,Westland,48185,42.33576032,-83.38359198,ed78b08e-824c-46eb-9fa4-43bd8275ca7a,2025-05-30T02:09:39.567Z
66927,Eric,Jensen,+19658624195,eric.jensen@yahoo.com,60,M,Florida,Miami,33142,25.8119386,-80.23852571,ed78b08e-824c-46eb-9fa4-43bd8275ca7a,2025-05-30T02:09:39.567Z
95878,Howard,Sutton,+18783355338,howard.sutton@gmail.com,47,F,Pennsylvania,Philadelphia,19145,39.91365891,-75.19167845,ed78b08e-824c-46eb-9fa4-43bd8275ca7a,2025-05-30T02:09:39.567Z
67430,Glen,Alvarado,+16413247188,glen.alvarado@gmail.com,53,F,Texas,Brownsville,78520,25.98655614,-97.60085137,ed78b08e-824c-46eb-9fa4-43bd8275ca7a,2025-05-30T02:09:39.567Z
78557,Michael,Romero,+17374589110,michael.romero@hotmail.com,28,F,Pennsylvania,Philadelphia,19146,39.93928457,-75.1839896,ed78b08e-824c-46eb-9fa4-43bd8275ca7a,2025-05-30T02:09:39.567Z
97825,Michael,Mcguire,+12143484919,michael.mcguire@gmail.com,57,F,California,Pomona,91767,34.08151728,-117.7384615,ed78b08e-824c-46eb-9fa4-43bd8275ca7a,2025-05-30T02:09:39.567Z
9414,Elizabeth,Stevenson,+19766535788,elizabeth.stevenson@gmail.com,23,F,Texas,Missouri City,77459,29.52135074,-95.53471006,ed78b08e-824c-46eb-9fa4-43bd8275ca7a,2025-05-30T02:09:39.567Z
24191,Bryan,Walton,+16526366784,bryan.walton@hotmail.com,20,F,Ohio,Columbus,43207,39.89198431,-82.9695884,ed78b08e-824c-46eb-9fa4-43bd8275ca7a,2025-05-30T02:09:39.567Z
13828,Amanda,Brown,+16392271253,amanda.brown@yahoo.com,19,M,Pennsylvania,West Goshen,19382,39.92828865,-75.61521543,ed78b08e-824c-46eb-9fa4-43bd8275ca7a,2025-05-30T02:09:39.567Z
75837,Daniel,Neal,+18436163851,daniel.neal@hotmail.com,41,M,Texas,El Paso,79907,31.70623632,-106.3238734,ed78b08e-824c-46eb-9fa4-43bd8275ca7a,2025-05-30T02:09:39.567Z
55882,Justin,Gonzalez,+14115043901,justin.gonzalez@yahoo.com,41,M,New Jersey,Camden,8105,39.95636884,-75.09361273,ed78b08e-824c-46eb-9fa4-43bd8275ca7a,2025-05-30T02:09:39.567Z
49614,David,Gordon,+19204822289,david.gordon@hotmail.com,69,M,Indiana,Bloomington,47404,39.21879031,-86.58947916,ed78b08e-824c-46eb-9fa4-43bd8275ca7a,2025-05-30T02:09:39.567Z
45396,Dawn,Martinez,+12322746560,dawn.martinez@hotmail.com,17,M,Missouri,Kansas City,64151,39.23229343,-94.65063876,ed78b08e-824c-46eb-9fa4-43bd8275ca7a,2025-05-30T02:09:39.567Z
77469,Brenda,Brown,+12482222365,brenda.brown@hotmail.com,61,M,Pennsylvania,Lansdale,19446,40.23170554,-75.30217409,ed78b08e-824c-46eb-9fa4-43bd8275ca7a,2025-05-30T02:09:39.567Z
46764,Donna,Proctor,+18103077228,donna.proctor@gmail.com,61,M,Ohio,Piqua,45356,40.1608323,-84.23348059,ed78b08e-824c-46eb-9fa4-43bd8275ca7a,2025-05-30T02:09:39.567Z
47400,Aaron,Mitchell,+18025272069,aaron.mitchell@hotmail.com,36,M,Illinois,Edwardsville,62025,38.82765772,-89.93068837,ed78b08e-824c-46eb-9fa4-43bd8275ca7a,2025-05-30T02:09:39.567Z
41075,Max,Hunter,+15365791088,max.hunter@yahoo.com,58,M,Oklahoma,Oklahoma City,73099,35.53392599,-97.76593044,ed78b08e-824c-46eb-9fa4-43bd8275ca7a,2025-05-30T02:09:39.567Z
72035,Patricia,Mcdonald,+16473873803,patricia.mcdonald@gmail.com,63,F,Pennsylvania,Reiffton,19606,40.3372065,-75.85853952,ed78b08e-824c-46eb-9fa4-43bd8275ca7a,2025-05-30T02:09:39.567Z
25541,Steven,Adams,+17374426795,steven.adams@yahoo.com,60,F,Indiana,New Castle,47362,39.93032765,-85.3697096,ed78b08e-824c-46eb-9fa4-43bd8275ca7a,2025-05-30T02:09:39.567Z
42422,Justin,Moreno,+14428868809,justin.moreno@gmail.com,65,F,Texas,McAllen,78504,26.33709382,-98.23216705,ed78b08e-824c-46eb-9fa4-43bd8275ca7a,2025-05-30T02:09:39.567Z
97857,James,Graves,+13965752619,james.graves@hotmail.com,59,F,South Carolina,Rock Hill,29732,34.96732665,-81.08136743,ed78b08e-824c-46eb-9fa4-43bd8275ca7a,2025-05-30T02:09:39.567Z
89582,Whitney,Weeks,+19553142514,whitney.weeks@hotmail.com,66,F,Oregon,Portland,97229,45.5505713,-122.8120312,ed78b08e-824c-46eb-9fa4-43bd8275ca7a,2025-05-30T02:09:39.567Z
43210,Stacie,Mason,+12209234535,stacie.mason@gmail.com,53,F,Michigan,Westland,48186,42.29489914,-83.37454924,ed78b08e-824c-46eb-9fa4-43bd8275ca7a,2025-05-30T02:09:39.567Z
92832,Katherine,Pena,+13083186073,katherine.pena@hotmail.com,65,F,Delaware,North Star,19711,39.71377604,-75.74004681,ed78b08e-824c-46eb-9fa4-43bd8275ca7a,2025-05-30T02:09:39.567Z
86918,Kayla,Robinson,+12642463334,kayla.robinson@yahoo.com,29,F,Virginia,Groveton,22306,38.75588565,-77.09232408,ed78b08e-824c-46eb-9fa4-43bd8275ca7a,2025-05-30T02:09:39.567Z
10995,William,Roy,+13523983268,william.roy@yahoo.com,61,F,Pennsylvania,West Norriton,19403,40.14954387,-75.38063421,ed78b08e-824c-46eb-9fa4-43bd8275ca7a,2025-05-30T02:09:39.567Z
96254,Craig,Tate,+18725134778,craig.tate@hotmail.com,31,F,Georgia,Buford,30518,34.13185326,-84.02634444,ed78b08e-824c-46eb-9fa4-43bd8275ca7a,2025-05-30T02:09:39.567Z
96489,Leon,Burke,+13397595276,leon.burke@hotmail.com,47,M,Delaware,Wilmington,19802,39.75558477,-75.5285164,ed78b08e-824c-46eb-9fa4-43bd8275ca7a,2025-05-30T02:09:39.567Z
2277,Amber,Ballard,+17008717350,amber.ballard@yahoo.com,54,M,Wisconsin,Wausau,54401,44.96275129,-89.70858369,ed78b08e-824c-46eb-9fa4-43bd8275ca7a,2025-05-30T02:09:39.567Z
44790,Pamela,Mueller,+15483865293,pamela.mueller@hotmail.com,58,M,California,San Marcos,92069,33.17813094,-117.1585053,ed78b08e-824c-46eb-9fa4-43bd8275ca7a,2025-05-30T02:09:39.567Z
89718,Daniel,Lam,+16612534177,daniel.lam@hotmail.com,19,M,Pennsylvania,Bethlehem,18017,40.66263635,-75.390442,ed78b08e-824c-46eb-9fa4-43bd8275ca7a,2025-05-30T02:09:39.567Z
79117,Samantha,Ortega,+13107821593,samantha.ortega@gmail.com,38,M,South Carolina,Tega Cay,29708,35.04632064,-80.9872005,ed78b08e-824c-46eb-9fa4-43bd8275ca7a,2025-05-30T02:09:39.567Z
36478,Mark,Valenzuela,+18726858517,mark.valenzuela@hotmail.com,21,M,Missouri,St. Peters,63376,38.78913086,-90.62670912,ed78b08e-824c-46eb-9fa4-43bd8275ca7a,2025-05-30T02:09:39.567Z
73111,Timothy,Edwards,+19005657339,timothy.edwards@hotmail.com,55,M,Oregon,Albany,97321,44.64999842,-123.1327206,ed78b08e-824c-46eb-9fa4-43bd8275ca7a,2025-05-30T02:09:39.567Z
75591,Cody,Tucker,+15324031433,cody.tucker@hotmail.com,69,M,Michigan,Lincoln Park,48146,42.24329077,-83.18112115,ed78b08e-824c-46eb-9fa4-43bd8275ca7a,2025-05-30T02:09:39.567Z
81984,Mary,Moore,+16785157106,mary.moore@yahoo.com,27,M,Florida,Miami Beach,33140,25.82115582,-80.13666184,ed78b08e-824c-46eb-9fa4-43bd8275ca7a,2025-05-30T02:09:39.567Z
15468,Sara,Hall,+19972815302,sara.hall@gmail.com,12,M,Pennsylvania,Millbourne,19082,39.96035163,-75.27041565,ed78b08e-824c-46eb-9fa4-43bd8275ca7a,2025-05-30T02:09:39.567Z
65035,Jeanne,Bradshaw,+18875413361,jeanne.bradshaw@hotmail.com,52,M,California,Garden Grove,92841,33.787206,-117.9820451,ed78b08e-824c-46eb-9fa4-43bd8275ca7a,2025-05-30T02:09:39.567Z
12793,Rachel,Gray,+18844367274,rachel.gray@yahoo.com,33,M,New York,New York,10462,40.84217251,-73.85723543,ed78b08e-824c-46eb-9fa4-43bd8275ca7a,2025-05-30T02:09:39.567Z
15746,Garrett,Alvarez,+13068238477,garrett.alvarez@yahoo.com,31,M,Delaware,Dover,19901,39.17878147,-75.47083133,ed78b08e-824c-46eb-9fa4-43bd8275ca7a,2025-05-30T02:09:39.567Z
98822,Corey,Lowe,+18266245507,corey.lowe@yahoo.com,45,M,Florida,Jacksonville,32246,30.29346547,-81.51841819,ed78b08e-824c-46eb-9fa4-43bd8275ca7a,2025-05-30T02:09:39.567Z
7445,Lori,Valencia,+19615916731,lori.valencia@yahoo.com,67,M,Florida,Palm Coast,32137,29.58116504,-81.23289658,ed78b08e-824c-46eb-9fa4-43bd8275ca7a,2025-05-30T02:09:39.567Z
12581,Cassie,Flores,+13122635289,cassie.flores@hotmail.com,34,M,California,Modesto,95351,37.62321694,-120.9970633,ed78b08e-824c-46eb-9fa4-43bd8275ca7a,2025-05-30T02:09:39.567Z
35753,Kevin,Phillips,+17876639372,kevin.phillips@gmail.com,32,M,North Carolina,Raleigh,27609,35.84383836,-78.63275244,ed78b08e-824c-46eb-9fa4-43bd8275ca7a,2025-05-30T02:09:39.567Z
21578,James,Mcmillan,+19219934213,james.mcmillan@hotmail.com,52,M,Pennsylvania,Mechanicsburg,17055,40.17824134,-76.99915134,ed78b08e-824c-46eb-9fa4-43bd8275ca7a,2025-05-30T02:09:39.567Z
24722,Kyle,Bowman,+17819219044,kyle.bowman@hotmail.com,20,M,Idaho,Idaho Falls,83402,43.53429583,-112.1811926,ed78b08e-824c-46eb-9fa4-43bd8275ca7a,2025-05-30T02:09:39.567Z
10628,Richard,Walker,+18398789114,richard.walker@gmail.com,64,M,Ohio,Findlay,45840,41.02699713,-83.64905915,ed78b08e-824c-46eb-9fa4-43bd8275ca7a,2025-05-30T02:09:39.567Z
30183,Anthony,Sanchez,+19192542693,anthony.sanchez@yahoo.com,61,M,Ohio,Pepper Pike,44124,41.50012273,-81.46860891,ed78b08e-824c-46eb-9fa4-43bd8275ca7a,2025-05-30T02:09:39.567Z
4333,Stephanie,Smith,+16695092810,stephanie.smith@gmail.com,24,M,Colorado,Louisville,80027,39.94126086,-105.1724258,ed78b08e-824c-46eb-9fa4-43bd8275ca7a,2025-05-30T02:09:39.567Z
67275,Ashley,Smith,+15333982698,ashley.smith@hotmail.com,16,M,Texas,Austin,78724,30.29173658,-97.6174913,ed78b08e-824c-46eb-9fa4-43bd8275ca7a,2025-05-30T02:09:39.567Z
86331,Bailey,Wilson,+14855158205,bailey.wilson@gmail.com,45,M,Arizona,Tempe,85284,33.33916807,-111.9345004,ed78b08e-824c-46eb-9fa4-43bd8275ca7a,2025-05-30T02:09:39.567Z
26449,Robert,Wu,+19169329869,robert.wu@hotmail.com,35,M,Florida,Miami Beach,33139,25.78405363,-80.14873099,ed78b08e-824c-46eb-9fa4-43bd8275ca7a,2025-05-30T02:09:39.567Z
11011,Michelle,Sherman,+18093161787,michelle.sherman@yahoo.com,49,M,Texas,Baytown,77521,29.80838324,-94.96294115,ed78b08e-824c-46eb-9fa4-43bd8275ca7a,2025-05-30T02:09:39.567Z
81297,Sarah,Anderson,+16846792752,sarah.anderson@gmail.com,40,M,Texas,Longview,75605,32.58300568,-94.72637978,ed78b08e-824c-46eb-9fa4-43bd8275ca7a,2025-05-30T02:09:39.567Z
15105,Sylvia,Salazar,+19904898765,sylvia.salazar@yahoo.com,41,M,Wisconsin,Appleton,54915,44.24271415,-88.36226258,ed78b08e-824c-46eb-9fa4-43bd8275ca7a,2025-05-30T02:09:39.567Z
30513,Jeffrey,Santana,+13802515991,jeffrey.santana@hotmail.com,53,M,California,Union City,94587,37.59531635,-122.0457808,ed78b08e-824c-46eb-9fa4-43bd8275ca7a,2025-05-30T02:09:39.567Z
23358,Nicholas,Thomas,+19794416405,nicholas.thomas@hotmail.com,51,M,Arizona,Mesa,85208,33.40252398,-111.6292384,ed78b08e-824c-46eb-9fa4-43bd8275ca7a,2025-05-30T02:09:39.567Z
11891,Kenneth,Miller,+19437028417,kenneth.miller@gmail.com,12,M,Nevada,Reno,89512,39.55413515,-119.8007487,ed78b08e-824c-46eb-9fa4-43bd8275ca7a,2025-05-30T02:09:39.567Z
68268,William,Davis,+18076006755,william.davis@yahoo.com,35,M,Georgia,Augusta,30815,33.28131054,-82.08402083,ed78b08e-824c-46eb-9fa4-43bd8275ca7a,2025-05-30T02:09:39.567Z
59394,Victoria,Underwood,+19414088898,victoria.underwood@hotmail.com,25,M,California,Yorba Linda,92886,33.89823459,-117.7987491,ed78b08e-824c-46eb-9fa4-43bd8275ca7a,2025-05-30T02:09:39.567Z
31986,Lisa,Harris,+18285408797,lisa.harris@yahoo.com,21,M,Connecticut,Bridgeport,6604,41.16954298,-73.20093698,ed78b08e-824c-46eb-9fa4-43bd8275ca7a,2025-05-30T02:09:39.567Z
55989,Manuel,Hernandez,+16165436611,manuel.hernandez@gmail.com,16,M,Florida,Cape Coral,33914,26.56610672,-82.01307619,ed78b08e-824c-46eb-9fa4-43bd8275ca7a,2025-05-30T02:09:39.567Z
37783,Nancy,Lopez,+15375006094,nancy.lopez@hotmail.com,45,M,Virginia,,20112,38.6539842,-77.42752508,ed78b08e-824c-46eb-9fa4-43bd8275ca7a,2025-05-30T02:09:39.567Z
48411,Daniel,Black,+13387759157,daniel.black@hotmail.com,51,M,Illinois,Carol Stream,60188,41.91589754,-88.12970479,ed78b08e-824c-46eb-9fa4-43bd8275ca7a,2025-05-30T02:09:39.567Z
37700,Victoria,Flores,+19714486631,victoria.flores@yahoo.com,25,M,Florida,Temple Terrace,33617,28.0390895,-82.39242783,ed78b08e-824c-46eb-9fa4-43bd8275ca7a,2025-05-30T02:09:39.567Z
89687,Daniel,Burgess,+12293259312,daniel.burgess@yahoo.com,53,M,Arizona,Mesa,85207,33.47646159,-111.6293612,ed78b08e-824c-46eb-9fa4-43bd8275ca7a,2025-05-30T02:09:39.567Z
8648,Douglas,Castro,+13329984021,douglas.castro@gmail.com,16,M,Kentucky,Madisonville,42431,37.32990334,-87.47769913,ed78b08e-824c-46eb-9fa4-43bd8275ca7a,2025-05-30T02:09:39.567Z
89086,Diana,Wright,+19978616194,diana.wright@yahoo.com,55,M,Texas,San Antonio,78229,29.50572457,-98.57245167,ed78b08e-824c-46eb-9fa4-43bd8275ca7a,2025-05-30T02:09:39.567Z
10798,Kevin,Lam,+13122028284,kevin.lam@hotmail.com,64,M,Arizona,Phoenix,85018,33.50530402,-111.9859857,ed78b08e-824c-46eb-9fa4-43bd8275ca7a,2025-05-30T02:09:39.567Z
76268,Kelly,Gonzales,+14173878100,kelly.gonzales@yahoo.com,41,M,Missouri,Concord,63128,38.49296901,-90.38248961,ed78b08e-824c-46eb-9fa4-43bd8275ca7a,2025-05-30T02:09:39.567Z
41226,Marcus,Payne,+19264416910,marcus.payne@gmail.com,31,M,California,Daly City,94014,37.69074857,-122.4474608,ed78b08e-824c-46eb-9fa4-43bd8275ca7a,2025-05-30T02:09:39.567Z
22318,Christopher,Wallace,+18326653781,christopher.wallace@hotmail.com,12,M,Indiana,Indianapolis,46254,39.84601907,-86.26380754,ed78b08e-824c-46eb-9fa4-43bd8275ca7a,2025-05-30T02:09:39.567Z
99511,Roy,Thompson,+14194114753,roy.thompson@yahoo.com,45,M,Arkansas,Searcy,72143,35.23050423,-91.73185025,ed78b08e-824c-46eb-9fa4-43bd8275ca7a,2025-05-30T02:09:39.567Z
95127,Tracey,Lawrence,+13502887080,tracey.lawrence@hotmail.com,58,M,New York,South Blooming Grove,10950,41.31889546,-74.19911261,ed78b08e-824c-46eb-9fa4-43bd8275ca7a,2025-05-30T02:09:39.567Z
83458,Amanda,Luna,+19593327510,amanda.luna@gmail.com,30,M,North Carolina,Reidsville,27320,36.34346375,-79.65763289,ed78b08e-824c-46eb-9fa4-43bd8275ca7a,2025-05-30T02:09:39.567Z
30031,Amy,Jones,+17675992502,amy.jones@hotmail.com,54,M,Minnesota,Ramsey,55303,45.28768538,-93.42392153,ed78b08e-824c-46eb-9fa4-43bd8275ca7a,2025-05-30T02:09:39.567Z
44044,Jacqueline,Brady,+13604904155,jacqueline.brady@hotmail.com,67,M,Virginia,Annandale,22003,38.83080687,-77.21438694,ed78b08e-824c-46eb-9fa4-43bd8275ca7a,2025-05-30T02:09:39.567Z
13289,Amy,Reed,+13475511749,amy.reed@gmail.com,39,F,Virginia,Ashburn,20147,39.04115859,-77.48009503,ed78b08e-824c-46eb-9fa4-43bd8275ca7a,2025-05-30T02:09:39.567Z
59759,Hunter,Valencia,+15437419345,hunter.valencia@gmail.com,28,F,Texas,Frisco,75035,33.15879221,-96.774948,ed78b08e-824c-46eb-9fa4-43bd8275ca7a,2025-05-30T02:09:39.567Z
86410,Nicole,Smith,+17438431883,nicole.smith@gmail.com,64,F,North Carolina,Graham,27253,35.96033092,-79.34586827,ed78b08e-824c-46eb-9fa4-43bd8275ca7a,2025-05-30T02:09:39.567Z
89324,Brian,Roberts,+19532765056,brian.roberts@hotmail.com,61,F,California,Port Hueneme,93041,34.14634962,-119.1574889,ed78b08e-824c-46eb-9fa4-43bd8275ca7a,2025-05-30T02:09:39.567Z
45392,Peggy,Jackson,+12334748586,peggy.jackson@gmail.com,22,F,Illinois,Chicago,60628,41.69155566,-87.61836454,ed78b08e-824c-46eb-9fa4-43bd8275ca7a,2025-05-30T02:09:39.567Z
96175,Kirsten,Lin,+14589239539,kirsten.lin@yahoo.com,40,F,Pennsylvania,Ephrata Township,17522,40.17251888,-76.16933642,ed78b08e-824c-46eb-9fa4-43bd8275ca7a,2025-05-30T02:09:39.567Z
50686,Arthur,Morton,+19407247564,arthur.morton@gmail.com,15,F,Massachusetts,Franklin,2038,42.08617727,-71.41132951,ed78b08e-824c-46eb-9fa4-43bd8275ca7a,2025-05-30T02:09:39.567Z
29726,Steve,Rodriguez,+13098193521,steve.rodriguez@gmail.com,29,F,Massachusetts,Worcester,1604,42.25116249,-71.76721052,ed78b08e-824c-46eb-9fa4-43bd8275ca7a,2025-05-30T02:09:39.567Z
21078,Jason,Warren,+19435194974,jason.warren@yahoo.com,22,F,Nevada,Las Vegas,89015,36.04412034,-114.9272879,ed78b08e-824c-46eb-9fa4-43bd8275ca7a,2025-05-30T02:09:39.567Z
18218,Edwin,Hernandez,+13637109156,edwin.hernandez@gmail.com,13,F,New York,New York,10456,40.83074241,-73.9081888,ed78b08e-824c-46eb-9fa4-43bd8275ca7a,2025-05-30T02:09:39.567Z
86673,Brandi,Thompson,+12716319624,brandi.thompson@yahoo.com,59,F,Virginia,Franconia,22315,38.75636562,-77.14893584,ed78b08e-824c-46eb-9fa4-43bd8275ca7a,2025-05-30T02:09:39.567Z
15809,Seth,Lawson,+16377156690,seth.lawson@yahoo.com,50,F,California,San Francisco,94118,37.77998758,-122.4625497,ed78b08e-824c-46eb-9fa4-43bd8275ca7a,2025-05-30T02:09:39.567Z
42599,Susan,Thompson,+18586023468,susan.thompson@gmail.com,52,F,New Jersey,Edison,8820,40.57696717,-74.36580098,ed78b08e-824c-46eb-9fa4-43bd8275ca7a,2025-05-30T02:09:39.567Z
89420,Colton,Gill,+14195719972,colton.gill@hotmail.com,62,F,Nebraska,Omaha,68111,41.29526202,-95.96437285,ed78b08e-824c-46eb-9fa4-43bd8275ca7a,2025-05-30T02:09:39.567Z
43661,Amanda,Armstrong,+16728491326,amanda.armstrong@hotmail.com,63,F,Illinois,Wheeling,60090,42.13005854,-87.92207075,ed78b08e-824c-46eb-9fa4-43bd8275ca7a,2025-05-30T02:09:39.567Z
64223,Katherine,Bowman,+12659274467,katherine.bowman@hotmail.com,68,F,West Virginia,Fairmont,26554,39.45710194,-80.11002689,ed78b08e-824c-46eb-9fa4-43bd8275ca7a,2025-05-30T02:09:39.567Z
42426,Michael,Lyons,+14779913588,michael.lyons@hotmail.com,15,F,Maryland,Olney,20832,39.15155747,-77.0729856,ed78b08e-824c-46eb-9fa4-43bd8275ca7a,2025-05-30T02:09:39.567Z
13569,Nicholas,Stevenson,+17627537068,nicholas.stevenson@yahoo.com,23,F,New York,New York,11206,40.70201319,-73.94244144,ed78b08e-824c-46eb-9fa4-43bd8275ca7a,2025-05-30T02:09:39.567Z
33477,Edward,Bryant,+17224812530,edward.bryant@yahoo.com,54,F,Ohio,Columbus,43207,39.89198431,-82.9695884,ed78b08e-824c-46eb-9fa4-43bd8275ca7a,2025-05-30T02:09:39.567Z
30125,Timothy,Ray,+12965545971,timothy.ray@hotmail.com,47,F,California,Los Angeles,90042,34.11468595,-118.1915918,ed78b08e-824c-46eb-9fa4-43bd8275ca7a,2025-05-30T02:09:39.567Z
4246,Rachel,Morales,+13768015967,rachel.morales@yahoo.com,40,F,California,San Jose,95116,37.35055789,-121.8527795,ed78b08e-824c-46eb-9fa4-43bd8275ca7a,2025-05-30T02:09:39.567Z
43248,Kevin,Haynes,+16036415540,kevin.haynes@gmail.com,60,M,Pennsylvania,Philadelphia,19131,39.98852256,-75.2185647,ed78b08e-824c-46eb-9fa4-43bd8275ca7a,2025-05-30T02:09:39.567Z
28096,Heidi,Clements,+13203197157,heidi.clements@hotmail.com,63,M,Maryland,Darnestown,20878,39.11248259,-77.25092549,ed78b08e-824c-46eb-9fa4-43bd8275ca7a,2025-05-30T02:09:39.567Z
4170,Nicole,Campbell,+15452987883,nicole.campbell@yahoo.com,50,M,New York,New York,11214,40.59868178,-73.99630858,ed78b08e-824c-46eb-9fa4-43bd8275ca7a,2025-05-30T02:09:39.567Z
91928,Linda,Bradford,+16516699043,linda.bradford@yahoo.com,47,M,Illinois,West Chicago,60185,41.89528049,-88.21123277,ed78b08e-824c-46eb-9fa4-43bd8275ca7a,2025-05-30T02:09:39.567Z
82816,Justin,Spence,+13273681220,justin.spence@yahoo.com,47,M,Texas,McKinney,75071,33.24859531,-96.63113369,ed78b08e-824c-46eb-9fa4-43bd8275ca7a,2025-05-30T02:09:39.567Z
7973,Danielle,Sloan,+16775795681,danielle.sloan@yahoo.com,13,M,New York,New York,11373,40.73858273,-73.87869308,ed78b08e-824c-46eb-9fa4-43bd8275ca7a,2025-05-30T02:09:39.567Z
85612,Shawn,Wright,+18764864238,shawn.wright@gmail.com,42,M,Missouri,Springfield,65802,37.21016628,-93.3608444,ed78b08e-824c-46eb-9fa4-43bd8275ca7a,2025-05-30T02:09:39.567Z
19298,John,Price,+14443655715,john.price@hotmail.com,33,M,Washington,University Place,98466,47.22249117,-122.5502814,ed78b08e-824c-46eb-9fa4-43bd8275ca7a,2025-05-30T02:09:39.567Z
16326,Michael,Levy,+14367202644,michael.levy@yahoo.com,35,M,California,City of Industry,91746,34.04342245,-117.986962,ed78b08e-824c-46eb-9fa4-43bd8275ca7a,2025-05-30T02:09:39.567Z
25832,Jon,Parker,+17216617590,jon.parker@yahoo.com,22,M,Indiana,Brownsburg,46112,39.86587485,-86.38116206,ed78b08e-824c-46eb-9fa4-43bd8275ca7a,2025-05-30T02:09:39.567Z
63326,Kathy,Cabrera,+12465993610,kathy.cabrera@yahoo.com,19,M,Texas,Austin,78702,30.26343613,-97.71428734,ed78b08e-824c-46eb-9fa4-43bd8275ca7a,2025-05-30T02:09:39.567Z
12948,Dillon,Anderson,+16937199595,dillon.anderson@gmail.com,40,M,Utah,West Valley City,84119,40.70311945,-111.9462049,ed78b08e-824c-46eb-9fa4-43bd8275ca7a,2025-05-30T02:09:39.567Z
9103,Christine,Carrillo,+17606058723,christine.carrillo@yahoo.com,33,M,Florida,Taylor Creek,34974,27.12628991,-80.8825496,ed78b08e-824c-46eb-9fa4-43bd8275ca7a,2025-05-30T02:09:39.567Z
40927,Janet,Lucas,+19163231030,janet.lucas@hotmail.com,52,M,Texas,Dallas,75217,32.71132842,-96.68163632,ed78b08e-824c-46eb-9fa4-43bd8275ca7a,2025-05-30T02:09:39.567Z
16267,Randall,Guzman,+19018817501,randall.guzman@hotmail.com,41,M,California,Occidental,95472,38.39807061,-122.8640368,ed78b08e-824c-46eb-9fa4-43bd8275ca7a,2025-05-30T02:09:39.567Z
79964,Shannon,Hunter,+15442876726,shannon.hunter@yahoo.com,58,M,New York,Wheatfield,14120,43.07295369,-78.8373821,ed78b08e-824c-46eb-9fa4-43bd8275ca7a,2025-05-30T02:09:39.567Z
73899,Leonard,Smith,+14085063505,leonard.smith@yahoo.com,28,M,Idaho,Nampa,83687,43.60926214,-116.5289895,ed78b08e-824c-46eb-9fa4-43bd8275ca7a,2025-05-30T02:09:39.567Z
73367,Charlotte,Keith,+19358445523,charlotte.keith@hotmail.com,16,M,Virginia,Newington,22153,38.74430568,-77.23462221,ed78b08e-824c-46eb-9fa4-43bd8275ca7a,2025-05-30T02:09:39.567Z
99646,Samuel,Henderson,+18634681707,samuel.henderson@hotmail.com,70,M,Pennsylvania,Allentown,18102,40.60763696,-75.47612781,ed78b08e-824c-46eb-9fa4-43bd8275ca7a,2025-05-30T02:09:39.567Z
19525,Jose,Tran,+13052597959,jose.tran@hotmail.com,59,M,Maryland,Montgomery Village,20886,39.17971712,-77.19647881,ed78b08e-824c-46eb-9fa4-43bd8275ca7a,2025-05-30T02:09:39.567Z
64908,Dean,Gay,+16273531699,dean.gay@gmail.com,52,M,Florida,Sunrise,33322,26.15033753,-80.27429087,ed78b08e-824c-46eb-9fa4-43bd8275ca7a,2025-05-30T02:09:39.567Z
77548,Nathan,Wood,+13747422163,nathan.wood@hotmail.com,68,M,New Jersey,Union City,7087,40.76734989,-74.03252663,ed78b08e-824c-46eb-9fa4-43bd8275ca7a,2025-05-30T02:09:39.567Z
79394,Aaron,Watkins,+16505387226,aaron.watkins@gmail.com,45,M,New York,Pittsford,14534,43.05638594,-77.52070661,ed78b08e-824c-46eb-9fa4-43bd8275ca7a,2025-05-30T02:09:39.567Z
80608,Willie,Hart,+17786933918,willie.hart@hotmail.com,63,M,Maryland,Ellicott City,21043,39.2587096,-76.79797305,ed78b08e-824c-46eb-9fa4-43bd8275ca7a,2025-05-30T02:09:39.567Z
42520,Andrea,Myers,+16088426744,andrea.myers@yahoo.com,65,M,Illinois,New Lenox,60451,41.50779698,-87.9619137,ed78b08e-824c-46eb-9fa4-43bd8275ca7a,2025-05-30T02:09:39.567Z
77628,Jennifer,Wells,+19814173269,jennifer.wells@gmail.com,58,M,Florida,Deltona,32725,28.88241345,-81.24853109,ed78b08e-824c-46eb-9fa4-43bd8275ca7a,2025-05-30T02:09:39.567Z
31512,Kristy,Howard,+18803723503,kristy.howard@gmail.com,66,M,Maryland,Glassmanor,20745,38.80484638,-76.99749268,ed78b08e-824c-46eb-9fa4-43bd8275ca7a,2025-05-30T02:09:39.567Z
30432,Abigail,Dudley,+18824534861,abigail.dudley@gmail.com,37,M,Minnesota,Lakeville,55044,44.6378017,-93.2786254,ed78b08e-824c-46eb-9fa4-43bd8275ca7a,2025-05-30T02:09:39.567Z
87894,Joshua,Jones,+12444809215,joshua.jones@hotmail.com,51,M,Illinois,Crestwood,60445,41.63430802,-87.73757807,ed78b08e-824c-46eb-9fa4-43bd8275ca7a,2025-05-30T02:09:39.567Z
75636,Denise,Cruz,+13767727782,denise.cruz@hotmail.com,46,M,New York,Tonawanda,14150,42.99583807,-78.88399401,ed78b08e-824c-46eb-9fa4-43bd8275ca7a,2025-05-30T02:09:39.567Z
7846,Cameron,Brown,+15517891541,cameron.brown@yahoo.com,48,M,Pennsylvania,Warminster,18974,40.21571108,-75.07346232,ed78b08e-824c-46eb-9fa4-43bd8275ca7a,2025-05-30T02:09:39.567Z
57427,David,Ramirez,+18777985380,david.ramirez@yahoo.com,46,M,Texas,Webster,77598,29.54007913,-95.13868316,ed78b08e-824c-46eb-9fa4-43bd8275ca7a,2025-05-30T02:09:39.567Z
7811,Pamela,Nichols,+19313905577,pamela.nichols@gmail.com,59,M,Arizona,Scottsdale,85255,33.67846147,-111.8555607,ed78b08e-824c-46eb-9fa4-43bd8275ca7a,2025-05-30T02:09:39.567Z
19799,Bonnie,Reed,+15144442117,bonnie.reed@gmail.com,48,M,New Hampshire,Merrimack,3054,42.85504034,-71.51898284,ed78b08e-824c-46eb-9fa4-43bd8275ca7a,2025-05-30T02:09:39.567Z
97151,Laurie,Rodriguez,+12648358450,laurie.rodriguez@gmail.com,42,M,North Carolina,Newton,28658,35.63587122,-81.24569962,ed78b08e-824c-46eb-9fa4-43bd8275ca7a,2025-05-30T02:09:39.567Z
53425,Samantha,Caldwell,+13788136838,samantha.caldwell@yahoo.com,23,M,New Jersey,Fair Lawn,7410,40.93574135,-74.11772811,ed78b08e-824c-46eb-9fa4-43bd8275ca7a,2025-05-30T02:09:39.567Z
59554,Sara,Barnes,+16993547575,sara.barnes@yahoo.com,47,M,California,Hawthorne,90250,33.91419704,-118.3489669,ed78b08e-824c-46eb-9fa4-43bd8275ca7a,2025-05-30T02:09:39.567Z
57632,Laura,Wood,+12333285669,laura.wood@hotmail.com,30,M,Colorado,Grand Junction,81504,39.11868794,-108.4953453,ed78b08e-824c-46eb-9fa4-43bd8275ca7a,2025-05-30T02:09:39.567Z
36679,Jason,Ward,+12779008987,jason.ward@gmail.com,47,F,Maryland,Ellicott City,21043,39.2587096,-76.79797305,ed78b08e-824c-46eb-9fa4-43bd8275ca7a,2025-05-30T02:09:39.567Z
18263,Jeremiah,Price,+18994455046,jeremiah.price@yahoo.com,39,F,Colorado,Aurora,80010,39.73895151,-104.8633082,ed78b08e-824c-46eb-9fa4-43bd8275ca7a,2025-05-30T02:09:39.567Z
74330,John,Smith,+14644771901,john.smith@gmail.com,14,F,California,Santa Rosa,95403,38.50298752,-122.7541707,ed78b08e-824c-46eb-9fa4-43bd8275ca7a,2025-05-30T02:09:39.567Z
94866,Samantha,Anderson,+14817328548,samantha.anderson@gmail.com,54,F,Maryland,Columbia,21044,39.21030631,-76.88386252,ed78b08e-824c-46eb-9fa4-43bd8275ca7a,2025-05-30T02:09:39.567Z
13594,Steven,Lewis,+16366798537,steven.lewis@hotmail.com,37,F,Arizona,Chandler,85224,33.32287065,-111.8756576,ed78b08e-824c-46eb-9fa4-43bd8275ca7a,2025-05-30T02:09:39.567Z
93212,William,Khan,+14495234534,william.khan@yahoo.com,14,F,Michigan,Allen Park,48101,42.25973997,-83.21060299,ed78b08e-824c-46eb-9fa4-43bd8275ca7a,2025-05-30T02:09:39.567Z
87839,Lindsey,Mathis,+17604622862,lindsey.mathis@hotmail.com,41,F,Georgia,Acworth,30101,34.04700494,-84.71796465,ed78b08e-824c-46eb-9fa4-43bd8275ca7a,2025-05-30T02:09:39.567Z
88197,Mary,Lawrence,+14266146948,mary.lawrence@hotmail.com,31,M,Maryland,Glen Burnie,21060,39.16693347,-76.5839157,ed78b08e-824c-46eb-9fa4-43bd8275ca7a,2025-05-30T02:09:39.567Z
27157,Joseph,Davis,+12736483243,joseph.davis@gmail.com,26,M,Maryland,Glen Burnie,21061,39.16050245,-76.62943409,ed78b08e-824c-46eb-9fa4-43bd8275ca7a,2025-05-30T02:09:39.567Z
4553,Phillip,Thomas,+18598986145,phillip.thomas@yahoo.com,40,M,New Mexico,Gallup,87301,35.53313487,-108.8308715,ed78b08e-824c-46eb-9fa4-43bd8275ca7a,2025-05-30T02:09:39.567Z
95787,Travis,Mckay,+19274389452,travis.mckay@gmail.com,43,M,Texas,Pearland,77584,29.54576034,-95.34996431,ed78b08e-824c-46eb-9fa4-43bd8275ca7a,2025-05-30T02:09:39.567Z
86806,Frank,Robbins,+14615936300,frank.robbins@gmail.com,39,M,Illinois,Chicago,60641,41.94670357,-87.7466375,ed78b08e-824c-46eb-9fa4-43bd8275ca7a,2025-05-30T02:09:39.567Z
50601,Michelle,Chan,+18766509813,michelle.chan@hotmail.com,57,M,Arizona,Maricopa,85138,33.00673129,-111.9832505,ed78b08e-824c-46eb-9fa4-43bd8275ca7a,2025-05-30T02:09:39.567Z
21344,Glenn,Curtis,+15912052928,glenn.curtis@hotmail.com,61,M,California,Salinas,93906,36.72228665,-121.6307144,ed78b08e-824c-46eb-9fa4-43bd8275ca7a,2025-05-30T02:09:39.567Z
90203,Lance,Murphy,+12709669239,lance.murphy@hotmail.com,44,M,Maryland,Lutherville-Timonium,21093,39.43898622,-76.64462649,ed78b08e-824c-46eb-9fa4-43bd8275ca7a,2025-05-30T02:09:39.567Z
19056,Edward,Castillo,+18313425997,edward.castillo@gmail.com,42,M,Ohio,Brunswick,44212,41.24341301,-81.82949885,ed78b08e-824c-46eb-9fa4-43bd8275ca7a,2025-05-30T02:09:39.567Z
74178,Jennifer,Tran,+17487889918,jennifer.tran@yahoo.com,68,M,Georgia,Johns Creek,30022,34.02924953,-84.24717292,ed78b08e-824c-46eb-9fa4-43bd8275ca7a,2025-05-30T02:09:39.567Z
80077,Mark,Stephens,+13403036243,mark.stephens@yahoo.com,32,M,Florida,Ave Maria,34142,26.34059673,-81.36076814,ed78b08e-824c-46eb-9fa4-43bd8275ca7a,2025-05-30T02:09:39.567Z
1916,Thomas,Anderson,+13987629293,thomas.anderson@gmail.com,32,M,Ohio,Miamisburg,45342,39.63085901,-84.27571176,ed78b08e-824c-46eb-9fa4-43bd8275ca7a,2025-05-30T02:09:39.567Z
13760,Jack,Simpson,+19769348435,jack.simpson@gmail.com,64,M,Illinois,Chicago,60609,41.81238709,-87.65575547,ed78b08e-824c-46eb-9fa4-43bd8275ca7a,2025-05-30T02:09:39.567Z
52157,Yvonne,Leonard,+13637001125,yvonne.leonard@gmail.com,18,M,Arizona,Surprise,85379,33.60206305,-112.3760143,ed78b08e-824c-46eb-9fa4-43bd8275ca7a,2025-05-30T02:09:39.567Z
61771,Elizabeth,Martin,+19493747829,elizabeth.martin@yahoo.com,12,M,Indiana,Fort Wayne,46815,41.10323058,-85.06051108,ed78b08e-824c-46eb-9fa4-43bd8275ca7a,2025-05-30T02:09:39.567Z
33641,Jason,Martin,+15966841501,jason.martin@yahoo.com,14,M,California,Elk Grove,95624,38.43030155,-121.3116856,ed78b08e-824c-46eb-9fa4-43bd8275ca7a,2025-05-30T02:09:39.567Z
63963,Lori,Walker,+12939369683,lori.walker@yahoo.com,50,M,Ohio,Austintown,44515,41.10123235,-80.76310771,ed78b08e-824c-46eb-9fa4-43bd8275ca7a,2025-05-30T02:09:39.567Z
89606,Kyle,Armstrong,+16627693265,kyle.armstrong@hotmail.com,67,M,Tennessee,Powell,37849,36.05916906,-84.04203474,ed78b08e-824c-46eb-9fa4-43bd8275ca7a,2025-05-30T02:09:39.567Z
23837,Shaun,Burke,+12936935990,shaun.burke@gmail.com,47,M,Florida,Zephyrhills,33541,28.22683102,-82.22138617,ed78b08e-824c-46eb-9fa4-43bd8275ca7a,2025-05-30T02:09:39.567Z
67017,Kelly,Parker,+17714007623,kelly.parker@hotmail.com,30,M,Texas,Hurst,76053,32.81652832,-97.17817524,ed78b08e-824c-46eb-9fa4-43bd8275ca7a,2025-05-30T02:09:39.567Z
10439,Stephen,Reyes,+12536723993,stephen.reyes@yahoo.com,45,M,Maryland,Lutherville-Timonium,21093,39.43898622,-76.64462649,ed78b08e-824c-46eb-9fa4-43bd8275ca7a,2025-05-30T02:09:39.567Z
81504,Michael,Morgan,+13745679778,michael.morgan@hotmail.com,44,M,Illinois,Chicago,60608,41.84925441,-87.67145848,ed78b08e-824c-46eb-9fa4-43bd8275ca7a,2025-05-30T02:09:39.567Z
20648,Michelle,Freeman,+18988657733,michelle.freeman@yahoo.com,42,M,Virginia,Haymarket,20169,38.86928021,-77.6490883,ed78b08e-824c-46eb-9fa4-43bd8275ca7a,2025-05-30T02:09:39.567Z
26392,Pamela,Carroll,+18979998259,pamela.carroll@gmail.com,67,M,Texas,Seguin,78155,29.5329812,-97.93797375,ed78b08e-824c-46eb-9fa4-43bd8275ca7a,2025-05-30T02:09:39.567Z
34418,Andrew,Patel,+15143895531,andrew.patel@yahoo.com,27,M,Michigan,Waverly,48917,42.72425655,-84.64044241,ed78b08e-824c-46eb-9fa4-43bd8275ca7a,2025-05-30T02:09:39.567Z
81430,Pamela,Shaffer,+18926163859,pamela.shaffer@yahoo.com,13,M,Illinois,Kankakee,60901,41.11022822,-87.89647126,ed78b08e-824c-46eb-9fa4-43bd8275ca7a,2025-05-30T02:09:39.567Z
91738,Daniel,Evans,+16526989104,daniel.evans@gmail.com,35,M,Arizona,Phoenix,85254,33.61449874,-111.9523349,ed78b08e-824c-46eb-9fa4-43bd8275ca7a,2025-05-30T02:09:39.567Z
86880,Jennifer,Lynch,+13327624086,jennifer.lynch@hotmail.com,14,M,California,San Diego,92114,32.70771319,-117.0552626,ed78b08e-824c-46eb-9fa4-43bd8275ca7a,2025-05-30T02:09:39.567Z
14598,Anthony,Davis,+15249574770,anthony.davis@yahoo.com,58,M,Florida,Pine Hills,32808,28.57959353,-81.4427697,ed78b08e-824c-46eb-9fa4-43bd8275ca7a,2025-05-30T02:09:39.567Z
3461,Kyle,Rivera,+17812684392,kyle.rivera@gmail.com,18,M,Florida,Orlando,32807,28.55285154,-81.30118435,ed78b08e-824c-46eb-9fa4-43bd8275ca7a,2025-05-30T02:09:39.567Z
36108,Christine,Mann,+15467813864,christine.mann@yahoo.com,45,F,Maryland,Odenton,21113,39.05433412,-76.71817279,ed78b08e-824c-46eb-9fa4-43bd8275ca7a,2025-05-30T02:09:39.567Z
51308,Cheryl,Sullivan,+17102454145,cheryl.sullivan@yahoo.com,61,F,New Jersey,Millville,8332,39.37078425,-75.01831595,ed78b08e-824c-46eb-9fa4-43bd8275ca7a,2025-05-30T02:09:39.567Z
94916,Michelle,Roberson,+18759803412,michelle.roberson@gmail.com,25,F,Illinois,Schaumburg,60193,42.01138924,-88.09519604,ed78b08e-824c-46eb-9fa4-43bd8275ca7a,2025-05-30T02:09:39.567Z
91654,John,Nelson,+19174991537,john.nelson@yahoo.com,66,F,California,San Bernardino,92404,34.18703997,-117.2424702,ed78b08e-824c-46eb-9fa4-43bd8275ca7a,2025-05-30T02:09:39.567Z
48276,Angela,Larsen,+12748011483,angela.larsen@hotmail.com,13,F,Louisiana,Walker,70785,30.55912186,-90.82230227,ed78b08e-824c-46eb-9fa4-43bd8275ca7a,2025-05-30T02:09:39.567Z
40373,Joshua,Scott,+15735204289,joshua.scott@yahoo.com,55,F,Indiana,Indianapolis,46268,39.89937268,-86.23332548,ed78b08e-824c-46eb-9fa4-43bd8275ca7a,2025-05-30T02:09:39.567Z
5638,John,Berger,+14792444394,john.berger@yahoo.com,67,F,Utah,Bountiful,84010,40.87404596,-111.8528649,ed78b08e-824c-46eb-9fa4-43bd8275ca7a,2025-05-30T02:09:39.567Z
77789,Nicholas,Trevino,+16559711823,nicholas.trevino@yahoo.com,27,F,Washington,Federal Way,98023,47.31190981,-122.3639672,ed78b08e-824c-46eb-9fa4-43bd8275ca7a,2025-05-30T02:09:39.567Z
27424,Daniel,Phillips,+17183993970,daniel.phillips@yahoo.com,19,F,Texas,Dallas,75231,32.87761783,-96.74994373,ed78b08e-824c-46eb-9fa4-43bd8275ca7a,2025-05-30T02:09:39.567Z
51483,Teresa,Stevens,+13848932952,teresa.stevens@gmail.com,58,F,California,Long Beach,90808,33.82391317,-118.1116987,ed78b08e-824c-46eb-9fa4-43bd8275ca7a,2025-05-30T02:09:39.567Z
76977,Keith,Johnson,+17253269806,keith.johnson@gmail.com,22,F,Florida,Port Saint John,32927,28.4650434,-80.80924982,ed78b08e-824c-46eb-9fa4-43bd8275ca7a,2025-05-30T02:09:39.567Z
80556,Ryan,Smith,+15814916078,ryan.smith@gmail.com,51,F,Wisconsin,Pewaukee,53072,43.08078699,-88.2668379,ed78b08e-824c-46eb-9fa4-43bd8275ca7a,2025-05-30T02:09:39.567Z
60251,John,Sawyer,+19622292829,john.sawyer@gmail.com,42,F,Maryland,Lake Shore,21122,39.123795,-76.49397982,ed78b08e-824c-46eb-9fa4-43bd8275ca7a,2025-05-30T02:09:39.567Z
96671,Mary,Ortiz,+14445702053,mary.ortiz@hotmail.com,32,F,Maryland,Adelphi,20783,38.99933334,-76.96860534,ed78b08e-824c-46eb-9fa4-43bd8275ca7a,2025-05-30T02:09:39.567Z
65226,Derek,Smith,+16182752468,derek.smith@hotmail.com,47,F,Pennsylvania,Weigelstown,17315,40.02289331,-76.86518495,ed78b08e-824c-46eb-9fa4-43bd8275ca7a,2025-05-30T02:09:39.567Z
11716,Claire,Ruiz,+13679027413,claire.ruiz@gmail.com,45,F,California,Fremont,94555,37.5498348,-122.0846548,ed78b08e-824c-46eb-9fa4-43bd8275ca7a,2025-05-30T02:09:39.567Z
8809,Dominique,Jones,+18716694092,dominique.jones@hotmail.com,44,F,Colorado,Boulder,80304,40.05264762,-105.2910926,ed78b08e-824c-46eb-9fa4-43bd8275ca7a,2025-05-30T02:09:39.567Z
50845,Joshua,Rodriguez,+17275119122,joshua.rodriguez@gmail.com,38,F,Maryland,Lake Shore,21122,39.123795,-76.49397982,ed78b08e-824c-46eb-9fa4-43bd8275ca7a,2025-05-30T02:09:39.567Z
98748,Tracy,Saunders,+14299382452,tracy.saunders@gmail.com,49,F,Florida,Port St. Lucie,34952,27.29695859,-80.29856407,ed78b08e-824c-46eb-9fa4-43bd8275ca7a,2025-05-30T02:09:39.567Z
31310,Patty,Murphy,+13504972847,patty.murphy@gmail.com,12,F,Pennsylvania,Hampton Township,15044,40.63933746,-79.94807812,ed78b08e-824c-46eb-9fa4-43bd8275ca7a,2025-05-30T02:09:39.567Z
80433,Zachary,Hanson,+16179149332,zachary.hanson@yahoo.com,48,F,New York,New York,11373,40.73858273,-73.87869308,ed78b08e-824c-46eb-9fa4-43bd8275ca7a,2025-05-30T02:09:39.567Z
57915,Aaron,Hopkins,+18852497133,aaron.hopkins@yahoo.com,23,F,California,Citrus Heights,95610,38.69498557,-121.271853,ed78b08e-824c-46eb-9fa4-43bd8275ca7a,2025-05-30T02:09:39.567Z
76349,Gary,Todd,+19837469116,gary.todd@gmail.com,62,F,Florida,Port St. Lucie,34986,27.32988874,-80.41212286,ed78b08e-824c-46eb-9fa4-43bd8275ca7a,2025-05-30T02:09:39.567Z
44193,Kristina,Howard,+14549875710,kristina.howard@yahoo.com,50,F,New York,Baldwinsville,13027,43.16521306,-76.36457527,ed78b08e-824c-46eb-9fa4-43bd8275ca7a,2025-05-30T02:09:39.567Z
2830,Amy,Woods,+17936305694,amy.woods@gmail.com,22,F,Maryland,Middle River,21220,39.34364207,-76.38635147,ed78b08e-824c-46eb-9fa4-43bd8275ca7a,2025-05-30T02:09:39.567Z
70238,Patricia,Osborne,+13146612840,patricia.osborne@hotmail.com,60,F,Indiana,Indianapolis,46222,39.79029902,-86.21488958,ed78b08e-824c-46eb-9fa4-43bd8275ca7a,2025-05-30T02:09:39.567Z
5985,Beth,Brown,+13948987378,beth.brown@yahoo.com,67,F,Texas,Dallas,75217,32.71132842,-96.68163632,ed78b08e-824c-46eb-9fa4-43bd8275ca7a,2025-05-30T02:09:39.567Z
85510,Matthew,Austin,+19384782122,matthew.austin@yahoo.com,46,M,Maryland,Essex,21221,39.2887145,-76.43147758,ed78b08e-824c-46eb-9fa4-43bd8275ca7a,2025-05-30T02:09:39.567Z
69440,Sara,Morales,+16254754134,sara.morales@hotmail.com,16,M,Washington,Washougal,98671,45.64155615,-122.2254913,ed78b08e-824c-46eb-9fa4-43bd8275ca7a,2025-05-30T02:09:39.567Z
55349,David,Mosley,+17545709571,david.mosley@hotmail.com,52,M,Georgia,McDonough,30252,33.47220163,-84.06359247,ed78b08e-824c-46eb-9fa4-43bd8275ca7a,2025-05-30T02:09:39.567Z
47581,Andrew,Burnett,+16636682010,andrew.burnett@yahoo.com,28,M,California,Fresno,93704,36.79987552,-119.8016382,ed78b08e-824c-46eb-9fa4-43bd8275ca7a,2025-05-30T02:09:39.567Z
91218,Kimberly,Tapia,+15643494808,kimberly.tapia@hotmail.com,13,M,Florida,Pine Hills,32818,28.58767061,-81.48859953,ed78b08e-824c-46eb-9fa4-43bd8275ca7a,2025-05-30T02:09:39.567Z
33013,Stephen,Oliver,+17657993739,stephen.oliver@hotmail.com,23,M,Florida,Mulberry,33860,27.81399427,-81.9919137,ed78b08e-824c-46eb-9fa4-43bd8275ca7a,2025-05-30T02:09:39.567Z
80574,Jessica,Mcdonald,+19666286339,jessica.mcdonald@yahoo.com,21,M,Texas,Dallas,75243,32.91244275,-96.73608787,ed78b08e-824c-46eb-9fa4-43bd8275ca7a,2025-05-30T02:09:39.567Z
14651,Seth,Baker,+17689861884,seth.baker@gmail.com,49,M,Texas,Robinson,76706,31.46591409,-97.09239247,ed78b08e-824c-46eb-9fa4-43bd8275ca7a,2025-05-30T02:09:39.567Z
19082,Sandra,Mason,+14843066394,sandra.mason@hotmail.com,41,M,Texas,Carrollton,75010,33.03163383,-96.89935261,ed78b08e-824c-46eb-9fa4-43bd8275ca7a,2025-05-30T02:09:39.567Z
33606,Charles,Chavez,+14357285500,charles.chavez@hotmail.com,21,M,Texas,Round Rock,78665,30.54766022,-97.64111581,ed78b08e-824c-46eb-9fa4-43bd8275ca7a,2025-05-30T02:09:39.567Z
96774,Daniel,Johnson,+12215554903,daniel.johnson@yahoo.com,20,M,Texas,Fort Worth,76106,32.81365584,-97.35175129,ed78b08e-824c-46eb-9fa4-43bd8275ca7a,2025-05-30T02:09:39.567Z
84159,Billy,Fox,+14672888953,billy.fox@hotmail.com,14,M,California,Fontana,92335,34.08729972,-117.4648602,ed78b08e-824c-46eb-9fa4-43bd8275ca7a,2025-05-30T02:09:39.567Z
53329,Robert,Lucas,+14868929450,robert.lucas@hotmail.com,49,F,Maryland,Baltimore,21224,39.27555111,-76.5421585,ed78b08e-824c-46eb-9fa4-43bd8275ca7a,2025-05-30T02:09:39.567Z
28967,Caitlin,Jones,+12023987359,caitlin.jones@yahoo.com,70,F,Washington,Arlington Heights,98223,48.23886595,-121.9022494,ed78b08e-824c-46eb-9fa4-43bd8275ca7a,2025-05-30T02:09:39.567Z
79918,Kathleen,Chang,+15363725947,kathleen.chang@yahoo.com,67,F,California,Carson,90746,33.85943562,-118.256372,ed78b08e-824c-46eb-9fa4-43bd8275ca7a,2025-05-30T02:09:39.567Z
42523,Samantha,Nelson,+18063714626,samantha.nelson@gmail.com,61,F,Florida,Pine Hills,32808,28.57959353,-81.4427697,ed78b08e-824c-46eb-9fa4-43bd8275ca7a,2025-05-30T02:09:39.567Z
44899,Karen,Rogers,+18607847436,karen.rogers@hotmail.com,13,F,California,Jurupa Valley,92509,34.00300335,-117.4455851,ed78b08e-824c-46eb-9fa4-43bd8275ca7a,2025-05-30T02:09:39.567Z
583,John,Richardson,+12542173293,john.richardson@hotmail.com,24,F,Michigan,Detroit,48238,42.39629509,-83.14148967,ed78b08e-824c-46eb-9fa4-43bd8275ca7a,2025-05-30T02:09:39.567Z
49303,Matthew,Chavez,+19143375344,matthew.chavez@yahoo.com,41,F,Florida,Miami,33144,25.76332077,-80.31158838,ed78b08e-824c-46eb-9fa4-43bd8275ca7a,2025-05-30T02:09:39.567Z
44151,Olivia,Morgan,+19377774349,olivia.morgan@yahoo.com,32,M,Maryland,Rosedale,21237,39.33859996,-76.49539096,ed78b08e-824c-46eb-9fa4-43bd8275ca7a,2025-05-30T02:09:39.567Z
55256,Jeremy,Holland,+17747533052,jeremy.holland@yahoo.com,23,M,New York,East Farmingdale,11735,40.73253053,-73.42943346,ed78b08e-824c-46eb-9fa4-43bd8275ca7a,2025-05-30T02:09:39.567Z
24531,Jamie,Reed,+13894819484,jamie.reed@hotmail.com,29,M,Massachusetts,Boston,2124,42.28688485,-71.07347415,ed78b08e-824c-46eb-9fa4-43bd8275ca7a,2025-05-30T02:09:39.567Z
6797,Justin,Thomas,+18817888030,justin.thomas@yahoo.com,42,M,California,Oxnard,93033,34.15128577,-119.1171103,ed78b08e-824c-46eb-9fa4-43bd8275ca7a,2025-05-30T02:09:39.567Z
6320,Lisa,Davis,+15026967334,lisa.davis@hotmail.com,58,M,Kentucky,Somerset,42503,37.15703026,-84.52565628,ed78b08e-824c-46eb-9fa4-43bd8275ca7a,2025-05-30T02:09:39.567Z
13321,Taylor,Martinez,+19069229624,taylor.martinez@gmail.com,41,M,Texas,Mission Bend,77083,29.69309797,-95.64893474,ed78b08e-824c-46eb-9fa4-43bd8275ca7a,2025-05-30T02:09:39.567Z
41735,Jennifer,Velez,+19926256159,jennifer.velez@hotmail.com,30,M,Nebraska,Grand Island,68801,40.9516318,-98.29468082,ed78b08e-824c-46eb-9fa4-43bd8275ca7a,2025-05-30T02:09:39.567Z
15481,Rebekah,Hayes,+12335319501,rebekah.hayes@hotmail.com,64,M,Massachusetts,Cambridge,2138,42.38012405,-71.13483071,ed78b08e-824c-46eb-9fa4-43bd8275ca7a,2025-05-30T02:09:39.567Z
14841,Michael,Porter,+12644905261,michael.porter@hotmail.com,63,M,Maryland,Columbia,21045,39.2061079,-76.82742059,ed78b08e-824c-46eb-9fa4-43bd8275ca7a,2025-05-30T02:09:39.567Z
59147,Mary,Rose,+18373992971,mary.rose@gmail.com,67,M,Maryland,Eldersburg,21784,39.4015794,-76.97244682,ed78b08e-824c-46eb-9fa4-43bd8275ca7a,2025-05-30T02:09:39.567Z
80340,Courtney,Reynolds,+12035129252,courtney.reynolds@gmail.com,48,M,Mississippi,Ridgeland,39157,32.42563665,-90.16657926,ed78b08e-824c-46eb-9fa4-43bd8275ca7a,2025-05-30T02:09:39.567Z
40196,Kimberly,Huff,+18975059848,kimberly.huff@hotmail.com,64,M,California,Irvine,92604,33.68806508,-117.7890976,ed78b08e-824c-46eb-9fa4-43bd8275ca7a,2025-05-30T02:09:39.567Z
8222,Richard,Humphrey,+14819598502,richard.humphrey@yahoo.com,30,M,Arizona,Chandler,85224,33.32287065,-111.8756576,ed78b08e-824c-46eb-9fa4-43bd8275ca7a,2025-05-30T02:09:39.567Z
30277,Christopher,Nguyen,+18438827956,christopher.nguyen@hotmail.com,45,M,Maryland,Salisbury,21801,38.3799028,-75.64213407,ed78b08e-824c-46eb-9fa4-43bd8275ca7a,2025-05-30T02:09:39.567Z
31879,Julie,Jimenez,+12487937646,julie.jimenez@yahoo.com,67,M,California,Glendale,91205,34.13657003,-118.2435057,ed78b08e-824c-46eb-9fa4-43bd8275ca7a,2025-05-30T02:09:39.567Z
79311,William,Hansen,+19095687291,william.hansen@yahoo.com,69,M,Minnesota,Saint Paul,55104,44.95433245,-93.16307731,ed78b08e-824c-46eb-9fa4-43bd8275ca7a,2025-05-30T02:09:39.567Z
13000,Samuel,Landry,+18612764925,samuel.landry@gmail.com,46,M,North Carolina,Thomasville,27360,35.85694063,-80.09897922,ed78b08e-824c-46eb-9fa4-43bd8275ca7a,2025-05-30T02:09:39.567Z
30355,Victoria,Gilbert,+14925431563,victoria.gilbert@gmail.com,66,M,Maryland,Salisbury,21804,38.33026184,-75.53935515,ed78b08e-824c-46eb-9fa4-43bd8275ca7a,2025-05-30T02:09:39.567Z
85822,Renee,Johnson,+13505811928,renee.johnson@gmail.com,18,M,Virginia,Idylwood,22043,38.90078564,-77.19743039,ed78b08e-824c-46eb-9fa4-43bd8275ca7a,2025-05-30T02:09:39.567Z
55563,Stacey,Blake,+14486054368,stacey.blake@gmail.com,31,M,Tennessee,Clarksville,37040,36.52273079,-87.33333812,ed78b08e-824c-46eb-9fa4-43bd8275ca7a,2025-05-30T02:09:39.567Z
93820,Nicholas,Mitchell,+19832798869,nicholas.mitchell@yahoo.com,53,M,Montana,Billings,59105,45.87044992,-108.4745203,ed78b08e-824c-46eb-9fa4-43bd8275ca7a,2025-05-30T02:09:39.567Z
82646,Marilyn,Robles,+19305954053,marilyn.robles@hotmail.com,40,M,Nebraska,Norfolk,68701,42.01536548,-97.43981069,ed78b08e-824c-46eb-9fa4-43bd8275ca7a,2025-05-30T02:09:39.567Z
37520,Christopher,Chavez,+15125897135,christopher.chavez@hotmail.com,51,M,Florida,Riviera Beach,33404,26.78599423,-80.06250736,ed78b08e-824c-46eb-9fa4-43bd8275ca7a,2025-05-30T02:09:39.567Z
15789,Natasha,Mata,+18818704468,natasha.mata@yahoo.com,39,M,Texas,Angleton,77515,29.1809865,-95.44915965,ed78b08e-824c-46eb-9fa4-43bd8275ca7a,2025-05-30T02:09:39.567Z
21338,Jonathan,Herrera,+17019475523,jonathan.herrera@gmail.com,50,M,California,Santa Fe Springs,90670,33.93226184,-118.0625165,ed78b08e-824c-46eb-9fa4-43bd8275ca7a,2025-05-30T02:09:39.567Z
67260,Andrea,Noble,+16999271701,andrea.noble@gmail.com,56,M,California,Salton City,92274,33.45147112,-116.0855749,ed78b08e-824c-46eb-9fa4-43bd8275ca7a,2025-05-30T02:09:39.567Z
44946,Rachel,Wright,+13233746490,rachel.wright@gmail.com,16,M,Maryland,Salisbury,21804,38.33026184,-75.53935515,ed78b08e-824c-46eb-9fa4-43bd8275ca7a,2025-05-30T02:09:39.567Z
17401,Zachary,Walker,+13894825008,zachary.walker@gmail.com,70,M,California,Alhambra,91801,34.0906275,-118.1278323,ed78b08e-824c-46eb-9fa4-43bd8275ca7a,2025-05-30T02:09:39.567Z
4184,Lori,Kaiser,+18549858512,lori.kaiser@gmail.com,25,M,Texas,Timberwood Park,78260,29.69370345,-98.50516109,ed78b08e-824c-46eb-9fa4-43bd8275ca7a,2025-05-30T02:09:39.567Z
54537,Carolyn,Parker,+17839293245,carolyn.parker@yahoo.com,62,M,Texas,Victoria,77904,28.91982787,-97.02748159,ed78b08e-824c-46eb-9fa4-43bd8275ca7a,2025-05-30T02:09:39.567Z
53952,Anthony,Montes,+17155996795,anthony.montes@hotmail.com,36,F,Massachusetts,Milton,2186,42.24000751,-71.08370049,ed78b08e-824c-46eb-9fa4-43bd8275ca7a,2025-05-30T02:09:39.567Z
27581,Shelby,Huff,+13742537011,shelby.huff@hotmail.com,16,F,Arizona,Mesa,85207,33.47646159,-111.6293612,ed78b08e-824c-46eb-9fa4-43bd8275ca7a,2025-05-30T02:09:39.567Z
47455,David,Mcdaniel,+16086009533,david.mcdaniel@hotmail.com,19,F,Wisconsin,New Berlin,53151,42.97405037,-88.09873223,ed78b08e-824c-46eb-9fa4-43bd8275ca7a,2025-05-30T02:09:39.567Z
38898,Michael,Woodward,+12325186296,michael.woodward@hotmail.com,37,F,Maryland,Elkton,21921,39.62623359,-75.85792239,ed78b08e-824c-46eb-9fa4-43bd8275ca7a,2025-05-30T02:09:39.567Z
31720,Alexander,Wilson,+12523591644,alexander.wilson@hotmail.com,24,F,Kentucky,Frankfort,40601,38.23273132,-84.87985413,ed78b08e-824c-46eb-9fa4-43bd8275ca7a,2025-05-30T02:09:39.567Z
9130,Amber,Davila,+15596075862,amber.davila@gmail.com,51,F,Florida,Tampa,33604,28.01673354,-82.45737237,ed78b08e-824c-46eb-9fa4-43bd8275ca7a,2025-05-30T02:09:39.567Z
54599,Bradley,Perez,+18519092432,bradley.perez@gmail.com,59,F,New Jersey,Jersey City,7306,40.73438774,-74.07258362,ed78b08e-824c-46eb-9fa4-43bd8275ca7a,2025-05-30T02:09:39.567Z
53497,Kathleen,Wang,+18448845460,kathleen.wang@gmail.com,48,F,Maryland,Bel Air North,21014,39.53688935,-76.35179936,ed78b08e-824c-46eb-9fa4-43bd8275ca7a,2025-05-30T02:09:39.567Z
60321,William,Jones,+13986223700,william.jones@gmail.com,31,F,Alabama,Tuscaloosa,35401,33.17860185,-87.61596952,ed78b08e-824c-46eb-9fa4-43bd8275ca7a,2025-05-30T02:09:39.567Z
96432,Michael,Coleman,+14159017413,michael.coleman@hotmail.com,59,F,Mississippi,Ridgeland,39157,32.42563665,-90.16657926,ed78b08e-824c-46eb-9fa4-43bd8275ca7a,2025-05-30T02:09:39.567Z
22303,Donald,Green,+19528368789,donald.green@gmail.com,63,F,Washington,Everett,98208,47.9012039,-122.1867583,ed78b08e-824c-46eb-9fa4-43bd8275ca7a,2025-05-30T02:09:39.567Z
9502,Amber,Meyer,+16062408478,amber.meyer@yahoo.com,58,F,Virginia,Fairfax Station,22032,38.82072936,-77.29016916,ed78b08e-824c-46eb-9fa4-43bd8275ca7a,2025-05-30T02:09:39.567Z
97397,Patrick,Gibson,+19179865448,patrick.gibson@yahoo.com,30,F,Texas,McKinney,75070,33.15909888,-96.69423765,ed78b08e-824c-46eb-9fa4-43bd8275ca7a,2025-05-30T02:09:39.567Z
70393,Tamara,Mclaughlin,+14507748299,tamara.mclaughlin@gmail.com,64,F,Maryland,Chevy Chase,20815,38.98388103,-77.07868407,ed78b08e-824c-46eb-9fa4-43bd8275ca7a,2025-05-30T02:09:39.567Z
22846,Anthony,Riley,+17228007201,anthony.riley@hotmail.com,38,F,California,Elk Grove,95758,38.42674089,-121.4430096,ed78b08e-824c-46eb-9fa4-43bd8275ca7a,2025-05-30T02:09:39.567Z
98482,Larry,Hernandez,+13095011942,larry.hernandez@gmail.com,55,F,Florida,Merritt Island,32953,28.46263901,-80.68471079,ed78b08e-824c-46eb-9fa4-43bd8275ca7a,2025-05-30T02:09:39.567Z
86698,Miranda,Smith,+14074355302,miranda.smith@gmail.com,47,F,Texas,Laredo,78046,27.37426907,-99.35083131,ed78b08e-824c-46eb-9fa4-43bd8275ca7a,2025-05-30T02:09:39.567Z
56749,Pamela,Watkins,+12395394090,pamela.watkins@gmail.com,55,F,Virginia,Bailey's Crossroads,22041,38.84803246,-77.14221979,ed78b08e-824c-46eb-9fa4-43bd8275ca7a,2025-05-30T02:09:39.567Z
81932,Stacey,Schwartz,+12736492412,stacey.schwartz@hotmail.com,34,F,Florida,Lantana,33462,26.57902413,-80.07088662,ed78b08e-824c-46eb-9fa4-43bd8275ca7a,2025-05-30T02:09:39.567Z
48229,Edward,Stanley,+15158222929,edward.stanley@gmail.com,23,F,Florida,Davie,33314,26.0677193,-80.2235232,ed78b08e-824c-46eb-9fa4-43bd8275ca7a,2025-05-30T02:09:39.567Z
38112,Amanda,Robertson,+15553135286,amanda.robertson@hotmail.com,24,F,California,Vacaville,95687,38.33169037,-121.9138648,ed78b08e-824c-46eb-9fa4-43bd8275ca7a,2025-05-30T02:09:39.567Z
2176,Sandra,Nelson,+12515354614,sandra.nelson@yahoo.com,50,F,Texas,Denton,76209,33.23118543,-97.11008402,ed78b08e-824c-46eb-9fa4-43bd8275ca7a,2025-05-30T02:09:39.567Z
18655,Steven,Roth,+16132566489,steven.roth@hotmail.com,30,F,Florida,Valrico,33594,27.94033384,-82.2418424,ed78b08e-824c-46eb-9fa4-43bd8275ca7a,2025-05-30T02:09:39.567Z
62861,William,Ramirez,+14982862225,william.ramirez@gmail.com,58,F,Washington,Cascade-Fairwood,98058,47.4419601,-122.1238835,ed78b08e-824c-46eb-9fa4-43bd8275ca7a,2025-05-30T02:09:39.567Z
36224,Andrea,Fisher,+13268095126,andrea.fisher@yahoo.com,26,M,Georgia,Flowery Branch,30542,34.17802754,-83.90844606,ed78b08e-824c-46eb-9fa4-43bd8275ca7a,2025-05-30T02:09:39.567Z
68414,Jamie,Leonard,+12335705157,jamie.leonard@yahoo.com,30,M,Florida,Greenacres,33415,26.66484898,-80.12094291,ed78b08e-824c-46eb-9fa4-43bd8275ca7a,2025-05-30T02:09:39.567Z
67755,Jeremy,Jennings,+19364794084,jeremy.jennings@gmail.com,37,M,California,Antelope,95843,38.71527954,-121.3643767,ed78b08e-824c-46eb-9fa4-43bd8275ca7a,2025-05-30T02:09:39.567Z
37322,David,Gonzalez,+13232027357,david.gonzalez@yahoo.com,13,M,Ohio,Perrysburg,43551,41.52016907,-83.57949866,ed78b08e-824c-46eb-9fa4-43bd8275ca7a,2025-05-30T02:09:39.567Z
70727,Mark,Duke,+15768075370,mark.duke@yahoo.com,52,M,Texas,La Homa,78574,26.30965713,-98.37166628,ed78b08e-824c-46eb-9fa4-43bd8275ca7a,2025-05-30T02:09:39.567Z
31271,Suzanne,Jacobson,+12606569679,suzanne.jacobson@hotmail.com,31,M,Arizona,Gilbert,85233,33.35251414,-111.8119554,ed78b08e-824c-46eb-9fa4-43bd8275ca7a,2025-05-30T02:09:39.567Z
66356,Robert,Jackson,+19668251172,robert.jackson@gmail.com,50,M,Maryland,Arbutus,21227,39.2405693,-76.68095378,ed78b08e-824c-46eb-9fa4-43bd8275ca7a,2025-05-30T02:09:39.567Z
42473,Jesse,Trevino,+17225555778,jesse.trevino@yahoo.com,34,M,New Mexico,Albuquerque,87106,35.04878789,-106.6243201,ed78b08e-824c-46eb-9fa4-43bd8275ca7a,2025-05-30T02:09:39.567Z
78733,Joseph,Carpenter,+16092031876,joseph.carpenter@hotmail.com,39,M,New Jersey,East Windsor,8520,40.25696169,-74.53211317,ed78b08e-824c-46eb-9fa4-43bd8275ca7a,2025-05-30T02:09:39.567Z
83568,Jennifer,Brooks,+13964507592,jennifer.brooks@gmail.com,21,M,Utah,Brigham City,84302,41.52609655,-112.0536762,ed78b08e-824c-46eb-9fa4-43bd8275ca7a,2025-05-30T02:09:39.567Z
82750,Sara,Wade,+18572018804,sara.wade@yahoo.com,64,M,Maryland,Baltimore,21217,39.31043077,-76.63953454,ed78b08e-824c-46eb-9fa4-43bd8275ca7a,2025-05-30T02:09:39.567Z
20624,Samuel,Kaiser,+13852684551,samuel.kaiser@yahoo.com,53,M,Washington,Suquamish,98370,47.75233506,-122.6306014,ed78b08e-824c-46eb-9fa4-43bd8275ca7a,2025-05-30T02:09:39.567Z
73644,James,Mitchell,+19785907381,james.mitchell@hotmail.com,21,M,New York,New York,11218,40.64693388,-73.98044845,ed78b08e-824c-46eb-9fa4-43bd8275ca7a,2025-05-30T02:09:39.567Z
7159,Audrey,Jensen,+15085116807,audrey.jensen@gmail.com,35,M,Virginia,Vienna,22180,38.89648313,-77.25477832,ed78b08e-824c-46eb-9fa4-43bd8275ca7a,2025-05-30T02:09:39.567Z
25119,Scott,Stewart,+14395113657,scott.stewart@yahoo.com,12,M,Florida,Kissimmee,34741,28.30535316,-81.42583683,ed78b08e-824c-46eb-9fa4-43bd8275ca7a,2025-05-30T02:09:39.567Z
20494,Christina,Bryan,+18545676628,christina.bryan@hotmail.com,16,M,New Jersey,Teaneck,7666,40.8903101,-74.0106157,ed78b08e-824c-46eb-9fa4-43bd8275ca7a,2025-05-30T02:09:39.567Z
54721,Aaron,Bell,+18799523142,aaron.bell@gmail.com,48,M,Tennessee,Cookeville,38501,36.22531632,-85.53878598,ed78b08e-824c-46eb-9fa4-43bd8275ca7a,2025-05-30T02:09:39.567Z
54186,Joseph,Silva,+15813045028,joseph.silva@hotmail.com,67,M,Tennessee,Nashville,37013,36.04072592,-86.63857994,ed78b08e-824c-46eb-9fa4-43bd8275ca7a,2025-05-30T02:09:39.567Z
3250,Glenn,Rogers,+18335215958,glenn.rogers@gmail.com,37,M,California,Ventura,93001,34.16722221,-119.5555542,ed78b08e-824c-46eb-9fa4-43bd8275ca7a,2025-05-30T02:09:39.567Z
48514,Kristy,Figueroa,+18874298142,kristy.figueroa@hotmail.com,55,M,Illinois,Chicago,60651,41.90183624,-87.74036316,ed78b08e-824c-46eb-9fa4-43bd8275ca7a,2025-05-30T02:09:39.567Z
30385,Jessica,Miller,+19912116345,jessica.miller@hotmail.com,69,M,Virginia,Dale City,22193,38.64334556,-77.34835872,ed78b08e-824c-46eb-9fa4-43bd8275ca7a,2025-05-30T02:09:39.567Z
80872,Kimberly,Perry,+19992224882,kimberly.perry@yahoo.com,52,M,California,Murrieta,92562,33.5442454,-117.3350492,ed78b08e-824c-46eb-9fa4-43bd8275ca7a,2025-05-30T02:09:39.567Z
41615,Ian,Ramos,+13119156056,ian.ramos@yahoo.com,16,M,Ohio,Cuyahoga Falls,44221,41.13910826,-81.47630284,ed78b08e-824c-46eb-9fa4-43bd8275ca7a,2025-05-30T02:09:39.567Z
43100,Hector,Guerrero,+15179762300,hector.guerrero@yahoo.com,37,M,Virginia,Arlington,22202,38.85711951,-77.05199626,ed78b08e-824c-46eb-9fa4-43bd8275ca7a,2025-05-30T02:09:39.567Z
48554,George,Obrien,+13532887277,george.obrien@yahoo.com,14,M,Arizona,Flagstaff,86004,35.37362121,-111.3786273,ed78b08e-824c-46eb-9fa4-43bd8275ca7a,2025-05-30T02:09:39.567Z
21914,Wendy,Hoover,+12565863248,wendy.hoover@gmail.com,56,M,Michigan,Grand Rapids,49504,42.98071825,-85.70912504,ed78b08e-824c-46eb-9fa4-43bd8275ca7a,2025-05-30T02:09:39.567Z
81288,Christopher,Vance,+14065865266,christopher.vance@yahoo.com,18,M,Florida,Jacksonville Beach,32250,30.27898458,-81.4102842,ed78b08e-824c-46eb-9fa4-43bd8275ca7a,2025-05-30T02:09:39.567Z
92622,Ashley,Jackson,+17033943874,ashley.jackson@gmail.com,27,M,Virginia,Falmouth,22405,38.31505838,-77.40392872,ed78b08e-824c-46eb-9fa4-43bd8275ca7a,2025-05-30T02:09:39.567Z
63843,Gabriela,Griffin,+16009298655,gabriela.griffin@gmail.com,63,M,Louisiana,Denham Springs,70726,30.42770367,-90.89838887,ed78b08e-824c-46eb-9fa4-43bd8275ca7a,2025-05-30T02:09:39.567Z
93009,Duane,Osborne,+13356715455,duane.osborne@gmail.com,57,M,Colorado,Lakewood,80227,39.6644447,-105.0954049,ed78b08e-824c-46eb-9fa4-43bd8275ca7a,2025-05-30T02:09:39.567Z
39026,Isabella,Carroll,+19769963170,isabella.carroll@hotmail.com,37,M,Arizona,Cave Creek,85331,33.87254006,-111.9372918,ed78b08e-824c-46eb-9fa4-43bd8275ca7a,2025-05-30T02:09:39.567Z
1031,Jack,Chapman,+12414578686,jack.chapman@gmail.com,63,M,California,Calexico,92231,32.68637282,-115.5754206,ed78b08e-824c-46eb-9fa4-43bd8275ca7a,2025-05-30T02:09:39.567Z
35927,Nathan,Carroll,+16515247844,nathan.carroll@yahoo.com,14,M,North Carolina,Durham,27704,36.04036649,-78.8266395,ed78b08e-824c-46eb-9fa4-43bd8275ca7a,2025-05-30T02:09:39.567Z
46832,Francis,Pierce,+19405827367,francis.pierce@gmail.com,36,M,Florida,Hialeah,33018,25.91577743,-80.38397067,ed78b08e-824c-46eb-9fa4-43bd8275ca7a,2025-05-30T02:09:39.567Z
74699,Theodore,Boyer,+16909751464,theodore.boyer@gmail.com,39,M,Colorado,Pueblo West,81007,38.37643899,-104.7898814,ed78b08e-824c-46eb-9fa4-43bd8275ca7a,2025-05-30T02:09:39.567Z
97265,Kevin,Pollard,+17446749337,kevin.pollard@gmail.com,61,M,Virginia,Alexandria,22304,38.81341937,-77.1162681,ed78b08e-824c-46eb-9fa4-43bd8275ca7a,2025-05-30T02:09:39.567Z
75177,Gilbert,Cortez,+17003415662,gilbert.cortez@gmail.com,22,M,Georgia,Augusta,30813,33.45425605,-82.21336282,ed78b08e-824c-46eb-9fa4-43bd8275ca7a,2025-05-30T02:09:39.567Z
5762,Sandra,Barajas,+19873134442,sandra.barajas@yahoo.com,64,M,South Carolina,Parker,29611,34.82994572,-82.45957335,ed78b08e-824c-46eb-9fa4-43bd8275ca7a,2025-05-30T02:09:39.567Z
27988,Todd,Boyd,+12996413939,todd.boyd@hotmail.com,65,M,Missouri,Farmington,63640,37.73659047,-90.38391346,ed78b08e-824c-46eb-9fa4-43bd8275ca7a,2025-05-30T02:09:39.567Z
56207,Melanie,Cruz,+13536372994,melanie.cruz@gmail.com,45,M,North Carolina,Charlotte,28277,35.05241902,-80.81495826,ed78b08e-824c-46eb-9fa4-43bd8275ca7a,2025-05-30T02:09:39.567Z
37776,Douglas,Hooper,+18434675726,douglas.hooper@yahoo.com,20,M,Virginia,Rose Hill,22310,38.78409803,-77.12261283,ed78b08e-824c-46eb-9fa4-43bd8275ca7a,2025-05-30T02:09:39.567Z
23522,Tracy,Allen,+14523235147,tracy.allen@hotmail.com,47,M,Maryland,Bethesda,20814,39.00537394,-77.10244648,ed78b08e-824c-46eb-9fa4-43bd8275ca7a,2025-05-30T02:09:39.567Z
91895,Veronica,Hall,+13752615408,veronica.hall@hotmail.com,68,M,Minnesota,Lino Lakes,55014,45.2001514,-93.11854603,ed78b08e-824c-46eb-9fa4-43bd8275ca7a,2025-05-30T02:09:39.567Z
13175,Kenneth,Price,+17379249685,kenneth.price@hotmail.com,64,M,Illinois,Chicago,60620,41.74063862,-87.65281435,ed78b08e-824c-46eb-9fa4-43bd8275ca7a,2025-05-30T02:09:39.567Z
36710,Marc,Harmon,+14539673157,marc.harmon@hotmail.com,18,M,Georgia,Sandy Springs,30328,33.93226129,-84.38605149,ed78b08e-824c-46eb-9fa4-43bd8275ca7a,2025-05-30T02:09:39.567Z
26952,Ryan,Willis,+16965319179,ryan.willis@hotmail.com,48,M,Michigan,Ypsilanti Charter Township,48197,42.19698393,-83.62836202,ed78b08e-824c-46eb-9fa4-43bd8275ca7a,2025-05-30T02:09:39.567Z
4202,Michelle,Carter,+18972245652,michelle.carter@gmail.com,21,M,California,San Jose,95118,37.25548326,-121.8899875,ed78b08e-824c-46eb-9fa4-43bd8275ca7a,2025-05-30T02:09:39.567Z
26022,Luis,Melton,+13904976785,luis.melton@hotmail.com,17,M,Texas,McKinney,75069,33.16687668,-96.59741571,ed78b08e-824c-46eb-9fa4-43bd8275ca7a,2025-05-30T02:09:39.567Z
7812,Charles,Garcia,+17106782503,charles.garcia@hotmail.com,23,M,New York,New York,10039,40.82717358,-73.93738028,ed78b08e-824c-46eb-9fa4-43bd8275ca7a,2025-05-30T02:09:39.567Z
94247,Kathryn,Robertson,+16484618224,kathryn.robertson@hotmail.com,22,M,Illinois,Calumet City,60409,41.61196165,-87.54881196,ed78b08e-824c-46eb-9fa4-43bd8275ca7a,2025-05-30T02:09:39.567Z
70984,Anna,Byrd,+14935719125,anna.byrd@yahoo.com,65,M,Arizona,Surprise,85388,33.60900378,-112.4494856,ed78b08e-824c-46eb-9fa4-43bd8275ca7a,2025-05-30T02:09:39.567Z
60848,Aaron,Gaines,+14043012798,aaron.gaines@yahoo.com,34,F,Virginia,,22602,39.15271957,-78.2666008,ed78b08e-824c-46eb-9fa4-43bd8275ca7a,2025-05-30T02:09:39.567Z
1251,Joshua,Williams,+12737337391,joshua.williams@yahoo.com,54,F,Pennsylvania,Philadelphia,19147,39.9330932,-75.14948997,ed78b08e-824c-46eb-9fa4-43bd8275ca7a,2025-05-30T02:09:39.567Z
91668,Jose,Miller,+16222475820,jose.miller@hotmail.com,48,F,Virginia,Harrisonburg,22801,38.4035889,-78.87571397,ed78b08e-824c-46eb-9fa4-43bd8275ca7a,2025-05-30T02:09:39.567Z
69374,Aaron,Rios,+15416268643,aaron.rios@gmail.com,68,F,Washington,South Hill,98375,47.10334406,-122.324493,ed78b08e-824c-46eb-9fa4-43bd8275ca7a,2025-05-30T02:09:39.567Z
17151,Fernando,Martin,+19469632816,fernando.martin@yahoo.com,25,F,Virginia,Waynesboro,22980,38.09567898,-78.88544358,ed78b08e-824c-46eb-9fa4-43bd8275ca7a,2025-05-30T02:09:39.567Z
22367,Steven,White,+12886769104,steven.white@yahoo.com,67,F,New York,East Glenville,12302,42.88310915,-73.98167902,ed78b08e-824c-46eb-9fa4-43bd8275ca7a,2025-05-30T02:09:39.567Z
49808,Danny,Livingston,+16116346135,danny.livingston@hotmail.com,40,F,California,Santa Ana,92707,33.70819161,-117.8715644,ed78b08e-824c-46eb-9fa4-43bd8275ca7a,2025-05-30T02:09:39.567Z
96547,Austin,Flores,+13746674742,austin.flores@yahoo.com,61,F,Virginia,Waynesboro,22980,38.09567898,-78.88544358,ed78b08e-824c-46eb-9fa4-43bd8275ca7a,2025-05-30T02:09:39.567Z
49678,Lisa,Miles,+16533885067,lisa.miles@hotmail.com,15,F,New Jersey,Neptune Township,7753,40.21624731,-74.07898963,ed78b08e-824c-46eb-9fa4-43bd8275ca7a,2025-05-30T02:09:39.567Z
47530,Michael,Peters,+18013186769,michael.peters@gmail.com,32,F,New York,Auburn,13021,42.92177161,-76.55620637,ed78b08e-824c-46eb-9fa4-43bd8275ca7a,2025-05-30T02:09:39.567Z
9817,Courtney,Moreno,+13303769639,courtney.moreno@gmail.com,67,F,Virginia,Lynchburg,24501,37.35822806,-79.14580987,ed78b08e-824c-46eb-9fa4-43bd8275ca7a,2025-05-30T02:09:39.567Z
9823,Michele,Hart,+19025023236,michele.hart@hotmail.com,57,F,California,Santa Rosa,95404,38.46615791,-122.6539701,ed78b08e-824c-46eb-9fa4-43bd8275ca7a,2025-05-30T02:09:39.567Z
71091,Michael,Hernandez,+14662761998,michael.hernandez@gmail.com,33,F,Michigan,West Bloomfield Township,48322,42.54212874,-83.38141505,ed78b08e-824c-46eb-9fa4-43bd8275ca7a,2025-05-30T02:09:39.567Z
4718,Peter,Campbell,+12585203886,peter.campbell@hotmail.com,60,F,Florida,Kathleen,33810,28.12737534,-82.02929153,ed78b08e-824c-46eb-9fa4-43bd8275ca7a,2025-05-30T02:09:39.567Z
25525,Yvonne,Lopez,+17957232677,yvonne.lopez@gmail.com,39,F,Massachusetts,Brockton,2301,42.07787801,-71.04233611,ed78b08e-824c-46eb-9fa4-43bd8275ca7a,2025-05-30T02:09:39.567Z
47112,Victoria,Cook,+16247564057,victoria.cook@gmail.com,69,F,Iowa,Ankeny,50023,41.72692042,-93.63137457,ed78b08e-824c-46eb-9fa4-43bd8275ca7a,2025-05-30T02:09:39.567Z
95297,Tabitha,Peters,+12052085573,tabitha.peters@hotmail.com,48,F,California,Los Angeles,90019,34.04855228,-118.3388846,ed78b08e-824c-46eb-9fa4-43bd8275ca7a,2025-05-30T02:09:39.567Z
35246,Troy,Larson,+18595417727,troy.larson@yahoo.com,38,F,Oregon,Coos Bay,97420,43.37570444,-124.0892437,ed78b08e-824c-46eb-9fa4-43bd8275ca7a,2025-05-30T02:09:39.567Z
73895,Margaret,Jenkins,+18184646332,margaret.jenkins@gmail.com,15,F,New York,Airmont,10952,41.11392024,-74.08017413,ed78b08e-824c-46eb-9fa4-43bd8275ca7a,2025-05-30T02:09:39.567Z
37786,Rhonda,Tucker,+16089649583,rhonda.tucker@yahoo.com,69,F,Virginia,Chamberlayne,23227,37.61487209,-77.44206946,ed78b08e-824c-46eb-9fa4-43bd8275ca7a,2025-05-30T02:09:39.567Z
35202,Julie,Fleming,+12553873378,julie.fleming@gmail.com,19,F,Pennsylvania,Greensburg,15601,40.31651855,-79.53448425,ed78b08e-824c-46eb-9fa4-43bd8275ca7a,2025-05-30T02:09:39.567Z
36862,Rebecca,Richardson,+17173346447,rebecca.richardson@yahoo.com,64,F,Georgia,Jonesboro,30236,33.52173526,-84.32136555,ed78b08e-824c-46eb-9fa4-43bd8275ca7a,2025-05-30T02:09:39.567Z
30596,Edward,Phillips,+14814364672,edward.phillips@gmail.com,41,F,Ohio,Hamilton,45011,39.42879649,-84.50187146,ed78b08e-824c-46eb-9fa4-43bd8275ca7a,2025-05-30T02:09:39.567Z
2979,Henry,Sparks,+13062844325,henry.sparks@gmail.com,17,F,California,Santa Ana,92701,33.74773323,-117.8587525,ed78b08e-824c-46eb-9fa4-43bd8275ca7a,2025-05-30T02:09:39.567Z
35756,Cynthia,Raymond,+12433585136,cynthia.raymond@gmail.com,69,F,Texas,Houston,77080,29.81616389,-95.52396771,ed78b08e-824c-46eb-9fa4-43bd8275ca7a,2025-05-30T02:09:39.567Z
97948,Cheryl,Pruitt,+19548216165,cheryl.pruitt@gmail.com,28,F,Alabama,Decatur,35603,34.53739687,-86.97004542,ed78b08e-824c-46eb-9fa4-43bd8275ca7a,2025-05-30T02:09:39.567Z
18775,Gregory,Haynes,+19173901803,gregory.haynes@yahoo.com,15,F,Virginia,Virginia Beach,23456,36.72888374,-76.02814819,ed78b08e-824c-46eb-9fa4-43bd8275ca7a,2025-05-30T02:09:39.567Z
83866,Tara,Dougherty,+15764765724,tara.dougherty@gmail.com,58,F,California,Fallbrook,92028,33.39088733,-117.2401078,ed78b08e-824c-46eb-9fa4-43bd8275ca7a,2025-05-30T02:09:39.567Z
49819,Philip,Hammond,+12598574892,philip.hammond@gmail.com,31,F,Virginia,Petersburg,23803,37.21238103,-77.48099611,ed78b08e-824c-46eb-9fa4-43bd8275ca7a,2025-05-30T02:09:39.567Z
18398,Peter,Monroe,+15272831295,peter.monroe@hotmail.com,55,F,California,Riverside,92503,33.8858228,-117.4478687,ed78b08e-824c-46eb-9fa4-43bd8275ca7a,2025-05-30T02:09:39.567Z
24329,Michele,Williams,+14024232214,michele.williams@yahoo.com,68,F,Texas,Stafford,77477,29.62604081,-95.56673264,ed78b08e-824c-46eb-9fa4-43bd8275ca7a,2025-05-30T02:09:39.567Z
45784,Martin,Roberts,+18496117345,martin.roberts@yahoo.com,23,F,Tennessee,Murfreesboro,37128,35.80581369,-86.4742749,ed78b08e-824c-46eb-9fa4-43bd8275ca7a,2025-05-30T02:09:39.567Z
39646,Courtney,Mitchell,+13407195829,courtney.mitchell@yahoo.com,25,F,Virginia,Centreville,20121,38.8179096,-77.46064095,ed78b08e-824c-46eb-9fa4-43bd8275ca7a,2025-05-30T02:09:39.567Z
43182,Colleen,Williams,+13975907494,colleen.williams@hotmail.com,49,F,Michigan,Lansing,48911,42.67344433,-84.57533835,ed78b08e-824c-46eb-9fa4-43bd8275ca7a,2025-05-30T02:09:39.567Z
26604,Meagan,Green,+13917749970,meagan.green@gmail.com,48,F,Texas,Canyon Lake,78132,29.76442996,-98.18886321,ed78b08e-824c-46eb-9fa4-43bd8275ca7a,2025-05-30T02:09:39.567Z
62401,Andrew,Waters,+19037391210,andrew.waters@yahoo.com,67,F,Florida,St. Augustine,32084,29.91031244,-81.36520532,ed78b08e-824c-46eb-9fa4-43bd8275ca7a,2025-05-30T02:09:39.567Z
67796,Donna,Collins,+19682937229,donna.collins@yahoo.com,24,F,Texas,Pearland,77584,29.54576034,-95.34996431,ed78b08e-824c-46eb-9fa4-43bd8275ca7a,2025-05-30T02:09:39.567Z
25351,William,Baker,+14476333501,william.baker@gmail.com,57,F,Illinois,Waukegan,60085,42.35277198,-87.86465898,ed78b08e-824c-46eb-9fa4-43bd8275ca7a,2025-05-30T02:09:39.567Z
60529,Sherry,Clark,+18272015014,sherry.clark@gmail.com,62,F,Arizona,Casas Adobes,85704,32.34082869,-110.9864911,ed78b08e-824c-46eb-9fa4-43bd8275ca7a,2025-05-30T02:09:39.567Z
70814,Julie,White,+19395132025,julie.white@gmail.com,54,F,Virginia,Virginia Beach,23462,36.83735176,-76.15189947,ed78b08e-824c-46eb-9fa4-43bd8275ca7a,2025-05-30T02:09:39.567Z
81090,Jessica,Baker,+12019613091,jessica.baker@yahoo.com,53,F,Texas,Dallas,75224,32.71082194,-96.83879744,ed78b08e-824c-46eb-9fa4-43bd8275ca7a,2025-05-30T02:09:39.567Z
53056,Andrew,Freeman,+12685967012,andrew.freeman@hotmail.com,48,F,Florida,Jacksonville,32246,30.29346547,-81.51841819,ed78b08e-824c-46eb-9fa4-43bd8275ca7a,2025-05-30T02:09:39.567Z
40592,Katelyn,Chan,+15632692999,katelyn.chan@gmail.com,56,F,Louisiana,Shreveport,71107,32.5973985,-93.85831876,ed78b08e-824c-46eb-9fa4-43bd8275ca7a,2025-05-30T02:09:39.567Z
79057,Mia,Sullivan,+19912781413,mia.sullivan@gmail.com,69,F,New Mexico,Albuquerque,87110,35.10804512,-106.5781938,ed78b08e-824c-46eb-9fa4-43bd8275ca7a,2025-05-30T02:09:39.567Z
28155,Kayla,Garza,+13214853689,kayla.garza@yahoo.com,26,F,Georgia,Athens,30606,33.94016214,-83.42886415,ed78b08e-824c-46eb-9fa4-43bd8275ca7a,2025-05-30T02:09:39.567Z
91866,David,Adams,+12548963710,david.adams@hotmail.com,35,F,South Carolina,Berea,29617,34.91244963,-82.46580455,ed78b08e-824c-46eb-9fa4-43bd8275ca7a,2025-05-30T02:09:39.567Z
96893,Brian,Moreno,+14432326346,brian.moreno@gmail.com,64,F,Oregon,Beaverton,97007,45.45353248,-122.8768555,ed78b08e-824c-46eb-9fa4-43bd8275ca7a,2025-05-30T02:09:39.567Z
39012,Elizabeth,Woods,+12989836079,elizabeth.woods@gmail.com,47,F,Georgia,Columbus,31909,32.54553979,-84.9244389,ed78b08e-824c-46eb-9fa4-43bd8275ca7a,2025-05-30T02:09:39.567Z
34793,Joseph,Soto,+15455503437,joseph.soto@hotmail.com,27,F,Georgia,Chamblee,30341,33.88853823,-84.29059359,ed78b08e-824c-46eb-9fa4-43bd8275ca7a,2025-05-30T02:09:39.567Z
87960,Michael,Cannon,+15794969571,michael.cannon@hotmail.com,63,F,Alabama,Decatur,35603,34.53739687,-86.97004542,ed78b08e-824c-46eb-9fa4-43bd8275ca7a,2025-05-30T02:09:39.567Z
45872,Juan,Jones,+14558555578,juan.jones@hotmail.com,33,F,Virginia,Newport News,23608,37.13150674,-76.57636421,ed78b08e-824c-46eb-9fa4-43bd8275ca7a,2025-05-30T02:09:39.567Z
7424,Robert,Garcia,+15484595375,robert.garcia@hotmail.com,28,F,Kentucky,Elizabethtown,42701,37.70998062,-85.84418968,ed78b08e-824c-46eb-9fa4-43bd8275ca7a,2025-05-30T02:09:39.567Z
9853,Steven,Miller,+19596124292,steven.miller@yahoo.com,34,F,Oregon,Corvallis,97330,44.63690389,-123.276223,ed78b08e-824c-46eb-9fa4-43bd8275ca7a,2025-05-30T02:09:39.567Z
53021,Christy,Rivers,+14065967344,christy.rivers@hotmail.com,23,F,California,Fairfield,94534,38.24246758,-122.1124688,ed78b08e-824c-46eb-9fa4-43bd8275ca7a,2025-05-30T02:09:39.567Z
80690,Samantha,Garcia,+18665343329,samantha.garcia@gmail.com,65,F,Texas,Grand Prairie,75050,32.77345671,-97.0048893,ed78b08e-824c-46eb-9fa4-43bd8275ca7a,2025-05-30T02:09:39.567Z
39723,Tami,Sullivan,+17747646724,tami.sullivan@hotmail.com,54,F,California,Los Angeles,90032,34.07956728,-118.1780886,ed78b08e-824c-46eb-9fa4-43bd8275ca7a,2025-05-30T02:09:39.567Z
45468,Kristin,Moore,+19897857372,kristin.moore@gmail.com,29,M,Virginia,Salem,24153,37.2979839,-80.1159093,ed78b08e-824c-46eb-9fa4-43bd8275ca7a,2025-05-30T02:09:39.567Z
41426,Lindsey,Gonzales,+16697414590,lindsey.gonzales@hotmail.com,50,M,South Carolina,Summerville,29483,33.07108383,-80.21238337,ed78b08e-824c-46eb-9fa4-43bd8275ca7a,2025-05-30T02:09:39.567Z
66255,Michael,Brown,+12505789664,michael.brown@hotmail.com,55,M,Florida,Fort Myers,33913,26.51759313,-81.69822854,ed78b08e-824c-46eb-9fa4-43bd8275ca7a,2025-05-30T02:09:39.567Z
90940,Robert,Jimenez,+13408099641,robert.jimenez@yahoo.com,29,M,Indiana,Indianapolis,46214,39.7912063,-86.2894763,ed78b08e-824c-46eb-9fa4-43bd8275ca7a,2025-05-30T02:09:39.567Z
27,Cynthia,Palmer,+14833667166,cynthia.palmer@gmail.com,22,M,Nevada,Las Vegas,89131,36.36979435,-115.2375848,ed78b08e-824c-46eb-9fa4-43bd8275ca7a,2025-05-30T02:09:39.567Z
2822,Diana,Zavala,+14944271117,diana.zavala@yahoo.com,36,M,Colorado,Aurora,80016,39.59714534,-104.7310738,ed78b08e-824c-46eb-9fa4-43bd8275ca7a,2025-05-30T02:09:39.567Z
81896,Matthew,Vaughan,+12689066160,matthew.vaughan@hotmail.com,57,F,Massachusetts,Brookline,2446,42.34365854,-71.12153459,ed78b08e-824c-46eb-9fa4-43bd8275ca7a,2025-05-30T02:09:39.567Z
92316,Erin,Brock,+13949982767,erin.brock@yahoo.com,32,F,Massachusetts,Haverhill,1830,42.79500414,-71.05375952,ed78b08e-824c-46eb-9fa4-43bd8275ca7a,2025-05-30T02:09:39.567Z
28093,Cynthia,Gonzalez,+17567644474,cynthia.gonzalez@gmail.com,22,F,Michigan,Van Buren Charter Township,48111,42.17879048,-83.48596216,ed78b08e-824c-46eb-9fa4-43bd8275ca7a,2025-05-30T02:09:39.567Z
66504,Eric,Spencer,+18487303951,eric.spencer@gmail.com,51,F,Maine,Portland,4103,43.69402821,-70.29088658,ed78b08e-824c-46eb-9fa4-43bd8275ca7a,2025-05-30T02:09:39.567Z
14923,Danny,Harvey,+18993136881,danny.harvey@gmail.com,16,F,Texas,Leander,78641,30.55704265,-97.91328977,ed78b08e-824c-46eb-9fa4-43bd8275ca7a,2025-05-30T02:09:39.567Z
95835,Kathy,Holden,+12503394174,kathy.holden@yahoo.com,24,F,New York,South Hill,14850,42.43655283,-76.50392699,ed78b08e-824c-46eb-9fa4-43bd8275ca7a,2025-05-30T02:09:39.567Z
79071,Craig,Mays,+15916415853,craig.mays@gmail.com,65,F,Ohio,Marysville,43040,40.26014963,-83.36015738,ed78b08e-824c-46eb-9fa4-43bd8275ca7a,2025-05-30T02:09:39.567Z
46655,Paul,Phillips,+19985341000,paul.phillips@yahoo.com,51,F,Indiana,Indianapolis,46239,39.72376562,-86.00028973,ed78b08e-824c-46eb-9fa4-43bd8275ca7a,2025-05-30T02:09:39.567Z
32272,Theresa,Jensen,+18975664669,theresa.jensen@hotmail.com,33,F,Florida,The Villages,32162,28.91676169,-81.99355039,ed78b08e-824c-46eb-9fa4-43bd8275ca7a,2025-05-30T02:09:39.567Z
74955,Mary,Miller,+17052356886,mary.miller@yahoo.com,65,F,Tennessee,Lynchburg,37160,35.45293412,-86.48149049,ed78b08e-824c-46eb-9fa4-43bd8275ca7a,2025-05-30T02:09:39.567Z
63321,Lorraine,Gibson,+15925738120,lorraine.gibson@hotmail.com,38,F,Oregon,Eugene,97402,44.03051996,-123.2441239,ed78b08e-824c-46eb-9fa4-43bd8275ca7a,2025-05-30T02:09:39.567Z
5407,John,Newman,+14245381365,john.newman@gmail.com,30,F,California,Bloomington,92316,34.05918727,-117.3911234,ed78b08e-824c-46eb-9fa4-43bd8275ca7a,2025-05-30T02:09:39.567Z
67468,Curtis,Burgess,+12962062487,curtis.burgess@gmail.com,37,M,Virginia,Danville,24541,36.592236,-79.51252222,ed78b08e-824c-46eb-9fa4-43bd8275ca7a,2025-05-30T02:09:39.567Z
46493,James,Perez,+14305826426,james.perez@hotmail.com,67,M,Washington,Bellingham,98225,48.75377826,-122.5059192,ed78b08e-824c-46eb-9fa4-43bd8275ca7a,2025-05-30T02:09:39.567Z
82866,Gordon,Barron,+14025603516,gordon.barron@gmail.com,55,M,Kentucky,Bowling Green,42104,36.87726041,-86.45451986,ed78b08e-824c-46eb-9fa4-43bd8275ca7a,2025-05-30T02:09:39.567Z
58153,John,Ramirez,+19467598733,john.ramirez@gmail.com,29,M,Louisiana,Gonzales,70737,30.22566554,-90.92393616,ed78b08e-824c-46eb-9fa4-43bd8275ca7a,2025-05-30T02:09:39.567Z
33753,Kelly,Rice,+17378286484,kelly.rice@gmail.com,45,M,Idaho,Meridian,83646,43.64985809,-116.4329983,ed78b08e-824c-46eb-9fa4-43bd8275ca7a,2025-05-30T02:09:39.567Z
53394,Bryan,Dalton,+17975702097,bryan.dalton@hotmail.com,22,M,New York,Deer Park,11729,40.76282229,-73.32175767,ed78b08e-824c-46eb-9fa4-43bd8275ca7a,2025-05-30T02:09:39.567Z
49902,Tiffany,Scott,+19137848860,tiffany.scott@yahoo.com,16,F,North Carolina,Clemmons,27012,36.00429402,-80.37592779,ed78b08e-824c-46eb-9fa4-43bd8275ca7a,2025-05-30T02:09:39.567Z
68505,Brian,Vincent,+12218021491,brian.vincent@gmail.com,39,F,Tennessee,Memphis,38118,35.03578441,-89.93136648,ed78b08e-824c-46eb-9fa4-43bd8275ca7a,2025-05-30T02:09:39.567Z
93330,Meghan,Snyder,+19754684059,meghan.snyder@hotmail.com,68,F,North Carolina,Durham,27713,35.89247555,-78.92437255,ed78b08e-824c-46eb-9fa4-43bd8275ca7a,2025-05-30T02:09:39.567Z
79672,Paula,Flores,+13498713362,paula.flores@hotmail.com,45,F,California,Fresno,93702,36.73945599,-119.7543471,ed78b08e-824c-46eb-9fa4-43bd8275ca7a,2025-05-30T02:09:39.567Z
39362,Cassandra,Bell,+16166208870,cassandra.bell@yahoo.com,54,F,Massachusetts,Attleboro,2703,41.93106432,-71.29502307,ed78b08e-824c-46eb-9fa4-43bd8275ca7a,2025-05-30T02:09:39.567Z
31984,Angela,Arnold,+12222884848,angela.arnold@hotmail.com,56,F,Virginia,Chamberlayne,23227,37.61487209,-77.44206946,ed78b08e-824c-46eb-9fa4-43bd8275ca7a,2025-05-30T02:09:39.567Z
95794,William,Martinez,+19545207196,william.martinez@hotmail.com,51,F,Texas,San Antonio,78258,29.63397996,-98.5028066,ed78b08e-824c-46eb-9fa4-43bd8275ca7a,2025-05-30T02:09:39.567Z
85605,Jeffery,Hernandez,+15647287640,jeffery.hernandez@yahoo.com,28,F,New York,Hempstead,11550,40.70176961,-73.61963731,ed78b08e-824c-46eb-9fa4-43bd8275ca7a,2025-05-30T02:09:39.567Z
98172,Mary,Murillo,+13679787416,mary.murillo@gmail.com,36,F,Minnesota,Rosemount,55068,44.73401622,-93.06671979,ed78b08e-824c-46eb-9fa4-43bd8275ca7a,2025-05-30T02:09:39.567Z
98239,Stephanie,Stewart,+17957421295,stephanie.stewart@gmail.com,43,F,Ohio,Bowling Green,43402,41.40622264,-83.65358687,ed78b08e-824c-46eb-9fa4-43bd8275ca7a,2025-05-30T02:09:39.567Z
39995,Jonathan,Pineda,+18907337762,jonathan.pineda@hotmail.com,36,F,North Carolina,Winston-Salem,27127,36.01970432,-80.2782394,ed78b08e-824c-46eb-9fa4-43bd8275ca7a,2025-05-30T02:09:39.567Z
17564,Cynthia,Brown,+14906697966,cynthia.brown@yahoo.com,16,F,Texas,El Paso,79925,31.79756837,-106.3658828,ed78b08e-824c-46eb-9fa4-43bd8275ca7a,2025-05-30T02:09:39.567Z
59858,Julie,Davis,+15756234670,julie.davis@hotmail.com,69,F,Florida,Pinecrest,33156,25.66826085,-80.29707486,ed78b08e-824c-46eb-9fa4-43bd8275ca7a,2025-05-30T02:09:39.567Z
43415,Abigail,Walker,+12523236141,abigail.walker@gmail.com,51,F,Missouri,Florissant,63033,38.79568358,-90.2770028,ed78b08e-824c-46eb-9fa4-43bd8275ca7a,2025-05-30T02:09:39.567Z
27978,Raymond,Hatfield,+16754883199,raymond.hatfield@yahoo.com,64,F,California,Camp Pendleton North,92058,33.28171018,-117.3555703,ed78b08e-824c-46eb-9fa4-43bd8275ca7a,2025-05-30T02:09:39.567Z
19104,Brianna,Mcdaniel,+14394532942,brianna.mcdaniel@hotmail.com,27,F,North Carolina,Wilson,27893,35.69237444,-77.90528425,ed78b08e-824c-46eb-9fa4-43bd8275ca7a,2025-05-30T02:09:39.567Z
36887,Andrew,Smith,+19173229982,andrew.smith@yahoo.com,60,F,Georgia,Columbus,31904,32.55166374,-84.99618566,ed78b08e-824c-46eb-9fa4-43bd8275ca7a,2025-05-30T02:09:39.567Z
49716,Teresa,Bell,+15152022449,teresa.bell@gmail.com,15,F,Pennsylvania,York,17403,39.92136041,-76.71301602,ed78b08e-824c-46eb-9fa4-43bd8275ca7a,2025-05-30T02:09:39.567Z
60950,Daniel,Sutton,+18009601431,daniel.sutton@gmail.com,40,F,Arizona,Phoenix,85051,33.56109767,-112.1341207,ed78b08e-824c-46eb-9fa4-43bd8275ca7a,2025-05-30T02:09:39.567Z
44257,Derrick,White,+13786193819,derrick.white@gmail.com,18,F,California,Beaumont,92223,33.93941967,-116.9853095,ed78b08e-824c-46eb-9fa4-43bd8275ca7a,2025-05-30T02:09:39.567Z
53751,April,Saunders,+19592552013,april.saunders@hotmail.com,59,F,North Carolina,Asheboro,27205,35.6372187,-79.84964868,ed78b08e-824c-46eb-9fa4-43bd8275ca7a,2025-05-30T02:09:39.567Z
87694,Tracy,Peters,+14265992140,tracy.peters@yahoo.com,15,F,Texas,Laredo,78046,27.37426907,-99.35083131,ed78b08e-824c-46eb-9fa4-43bd8275ca7a,2025-05-30T02:09:39.567Z
97017,Marissa,Vance,+14395425227,marissa.vance@yahoo.com,48,F,Washington,Seattle,98119,47.63763016,-122.3707215,ed78b08e-824c-46eb-9fa4-43bd8275ca7a,2025-05-30T02:09:39.567Z
23843,Christy,Adams,+14117172776,christy.adams@hotmail.com,37,F,Michigan,Texas charter Township,49009,42.30685445,-85.69352416,ed78b08e-824c-46eb-9fa4-43bd8275ca7a,2025-05-30T02:09:39.567Z
48708,David,Smith,+16445281675,david.smith@gmail.com,50,F,Pennsylvania,New Kingstown,17050,40.24867088,-77.02620827,ed78b08e-824c-46eb-9fa4-43bd8275ca7a,2025-05-30T02:09:39.567Z
45759,Sara,Thompson,+16677366364,sara.thompson@hotmail.com,17,F,Alabama,Mobile,36608,30.68053087,-88.29475118,ed78b08e-824c-46eb-9fa4-43bd8275ca7a,2025-05-30T02:09:39.567Z
49132,Molly,Lewis,+16523019194,molly.lewis@yahoo.com,70,F,Florida,Cocoa,32926,28.39555569,-80.84442518,ed78b08e-824c-46eb-9fa4-43bd8275ca7a,2025-05-30T02:09:39.567Z
63907,Vincent,Burton,+14756098240,vincent.burton@yahoo.com,68,F,New York,New York,10463,40.88188916,-73.90915184,ed78b08e-824c-46eb-9fa4-43bd8275ca7a,2025-05-30T02:09:39.567Z
1008,Denise,Baker,+14078624917,denise.baker@hotmail.com,29,F,North Carolina,Kernersville,27284,36.11733606,-80.07845641,ed78b08e-824c-46eb-9fa4-43bd8275ca7a,2025-05-30T02:09:39.567Z
66057,Ryan,Hicks,+18956827798,ryan.hicks@gmail.com,27,F,New Jersey,Stillwater Township,7860,41.0621038,-74.81283506,ed78b08e-824c-46eb-9fa4-43bd8275ca7a,2025-05-30T02:09:39.567Z
25051,Anita,Espinoza,+16284363246,anita.espinoza@gmail.com,68,F,Mississippi,Southaven,38671,34.96606943,-89.99559162,ed78b08e-824c-46eb-9fa4-43bd8275ca7a,2025-05-30T02:09:39.567Z
22041,Melinda,Knox,+14422379331,melinda.knox@gmail.com,15,F,Pennsylvania,Greensburg,15601,40.31651855,-79.53448425,ed78b08e-824c-46eb-9fa4-43bd8275ca7a,2025-05-30T02:09:39.567Z
99220,Courtney,Cooper,+19693113916,courtney.cooper@yahoo.com,22,F,Massachusetts,Malden,2148,42.43068147,-71.05743045,ed78b08e-824c-46eb-9fa4-43bd8275ca7a,2025-05-30T02:09:39.567Z
82430,Dylan,Bishop,+12386587508,dylan.bishop@gmail.com,51,M,North Carolina,Greensboro,27406,35.99842086,-79.76670839,ed78b08e-824c-46eb-9fa4-43bd8275ca7a,2025-05-30T02:09:39.567Z
6222,Brittany,White,+15102834728,brittany.white@gmail.com,37,M,Texas,Highland Park,75205,32.83662313,-96.79606081,ed78b08e-824c-46eb-9fa4-43bd8275ca7a,2025-05-30T02:09:39.567Z
83502,Brittney,Mendez,+13467847435,brittney.mendez@yahoo.com,15,M,Florida,Kings Point,33446,26.45528823,-80.18543802,ed78b08e-824c-46eb-9fa4-43bd8275ca7a,2025-05-30T02:09:39.567Z
48078,Latoya,Green,+13349752861,latoya.green@hotmail.com,27,M,North Carolina,Cary,27511,35.76317519,-78.784271,ed78b08e-824c-46eb-9fa4-43bd8275ca7a,2025-05-30T02:09:39.567Z
16777,Angela,Sanchez,+14882964970,angela.sanchez@gmail.com,67,M,North Carolina,Durham,27704,36.04036649,-78.8266395,ed78b08e-824c-46eb-9fa4-43bd8275ca7a,2025-05-30T02:09:39.567Z
66657,Derrick,Gill,+14588564750,derrick.gill@yahoo.com,59,M,Ohio,Mason,45040,39.353711,-84.31248876,ed78b08e-824c-46eb-9fa4-43bd8275ca7a,2025-05-30T02:09:39.567Z
77937,Amanda,Nunez,+12593573810,amanda.nunez@yahoo.com,33,M,Virginia,Chesapeake,23320,36.75204198,-76.21821272,ed78b08e-824c-46eb-9fa4-43bd8275ca7a,2025-05-30T02:09:39.567Z
81768,Keith,Green,+18769937862,keith.green@yahoo.com,14,M,California,Los Angeles,91325,34.23564411,-118.5174568,ed78b08e-824c-46eb-9fa4-43bd8275ca7a,2025-05-30T02:09:39.567Z
77927,Tiffany,Johnson,+13759164329,tiffany.johnson@gmail.com,53,F,California,Arden-Arcade,95821,38.6254203,-121.3842016,ed78b08e-824c-46eb-9fa4-43bd8275ca7a,2025-05-30T02:09:39.567Z
37032,Joseph,Andrews,+13895046053,joseph.andrews@hotmail.com,62,F,North Carolina,Hickory,28601,35.77111437,-81.32314993,ed78b08e-824c-46eb-9fa4-43bd8275ca7a,2025-05-30T02:09:39.567Z
25469,Lauren,Price,+18846938574,lauren.price@hotmail.com,20,F,Georgia,Suwanee,30024,34.06240903,-84.09123865,ed78b08e-824c-46eb-9fa4-43bd8275ca7a,2025-05-30T02:09:39.567Z
72407,Shannon,Braun,+13403973631,shannon.braun@yahoo.com,18,F,Oregon,Portland,97230,45.55396115,-122.5008971,ed78b08e-824c-46eb-9fa4-43bd8275ca7a,2025-05-30T02:09:39.567Z
52685,Tracy,Snyder,+12288123510,tracy.snyder@gmail.com,20,F,Minnesota,Minneapolis,55419,44.90815686,-93.28970547,ed78b08e-824c-46eb-9fa4-43bd8275ca7a,2025-05-30T02:09:39.567Z
85672,Steven,Barnes,+17703678679,steven.barnes@yahoo.com,57,F,North Carolina,Cary,27518,35.72996695,-78.77363389,ed78b08e-824c-46eb-9fa4-43bd8275ca7a,2025-05-30T02:09:39.567Z
72181,Kevin,Martinez,+18992129905,kevin.martinez@gmail.com,63,F,Colorado,Colorado Springs,80909,38.85278507,-104.7751713,ed78b08e-824c-46eb-9fa4-43bd8275ca7a,2025-05-30T02:09:39.567Z
29864,Joseph,Castro,+16208131396,joseph.castro@yahoo.com,18,F,Michigan,Ann Arbor,48103,42.25996117,-83.84386249,ed78b08e-824c-46eb-9fa4-43bd8275ca7a,2025-05-30T02:09:39.567Z
30825,Traci,Walker,+14976529545,traci.walker@gmail.com,28,F,Florida,Riverview,33578,27.86443635,-82.34584725,ed78b08e-824c-46eb-9fa4-43bd8275ca7a,2025-05-30T02:09:39.567Z
25132,Kelly,Terry,+15244807053,kelly.terry@hotmail.com,37,F,Texas,Abilene,79601,32.57476676,-99.65554236,ed78b08e-824c-46eb-9fa4-43bd8275ca7a,2025-05-30T02:09:39.567Z
99612,Amanda,Gibson,+13705062531,amanda.gibson@hotmail.com,26,F,Connecticut,New Haven,6513,41.31993496,-72.8680521,ed78b08e-824c-46eb-9fa4-43bd8275ca7a,2025-05-30T02:09:39.567Z
65908,Casey,Jackson,+14673141234,casey.jackson@gmail.com,58,M,Texas,Corsicana,75110,32.06804756,-96.50408137,ed78b08e-824c-46eb-9fa4-43bd8275ca7a,2025-05-30T02:09:39.567Z
574,Kylie,Page,+15955312007,kylie.page@hotmail.com,38,M,California,Chico,95926,39.74573325,-121.8436782,ed78b08e-824c-46eb-9fa4-43bd8275ca7a,2025-05-30T02:09:39.567Z
40321,Steven,Mcdonald,+12422934791,steven.mcdonald@yahoo.com,54,M,California,Fair Oaks,95628,38.65172829,-121.2531633,ed78b08e-824c-46eb-9fa4-43bd8275ca7a,2025-05-30T02:09:39.567Z
90049,David,Shields,+12433751748,david.shields@yahoo.com,22,M,Oklahoma,Moore,73160,35.33615941,-97.47644049,ed78b08e-824c-46eb-9fa4-43bd8275ca7a,2025-05-30T02:09:39.567Z
42807,David,Hernandez,+19997005658,david.hernandez@yahoo.com,57,M,Texas,College Station,77840,30.61286714,-96.32467413,ed78b08e-824c-46eb-9fa4-43bd8275ca7a,2025-05-30T02:09:39.567Z
74832,Brian,Taylor,+15319711979,brian.taylor@gmail.com,21,M,North Carolina,Greensboro,27410,36.11922541,-79.8875326,ed78b08e-824c-46eb-9fa4-43bd8275ca7a,2025-05-30T02:09:39.567Z
17338,Steven,Sharp,+17272215013,steven.sharp@hotmail.com,18,M,South Carolina,Mount Pleasant,29466,32.87478734,-79.78933476,ed78b08e-824c-46eb-9fa4-43bd8275ca7a,2025-05-30T02:09:39.567Z
42486,Christopher,Johnson,+19792781827,christopher.johnson@hotmail.com,18,M,Florida,Orlando,32839,28.48862299,-81.40733961,ed78b08e-824c-46eb-9fa4-43bd8275ca7a,2025-05-30T02:09:39.567Z
12524,Alexandra,Dorsey,+15065996827,alexandra.dorsey@yahoo.com,51,M,Utah,Logan,84321,41.75703295,-111.7185901,ed78b08e-824c-46eb-9fa4-43bd8275ca7a,2025-05-30T02:09:39.567Z
53680,Richard,Barry,+13227087211,richard.barry@hotmail.com,45,M,Arizona,Phoenix,85018,33.50530402,-111.9859857,ed78b08e-824c-46eb-9fa4-43bd8275ca7a,2025-05-30T02:09:39.567Z
4399,Elizabeth,Krause,+14478766303,elizabeth.krause@hotmail.com,45,M,Tennessee,Murfreesboro,37128,35.80581369,-86.4742749,ed78b08e-824c-46eb-9fa4-43bd8275ca7a,2025-05-30T02:09:39.567Z
70266,James,Clark,+15092175146,james.clark@yahoo.com,70,M,South Dakota,Rapid City,57701,44.14074403,-103.2055822,ed78b08e-824c-46eb-9fa4-43bd8275ca7a,2025-05-30T02:09:39.567Z
12843,Melissa,Hubbard,+16926803330,melissa.hubbard@hotmail.com,49,M,Wisconsin,River Hills,53217,43.15767789,-87.91317559,ed78b08e-824c-46eb-9fa4-43bd8275ca7a,2025-05-30T02:09:39.567Z
63420,Heather,Guerrero,+19674147340,heather.guerrero@gmail.com,35,M,Texas,Keller,76248,32.9272009,-97.22929177,ed78b08e-824c-46eb-9fa4-43bd8275ca7a,2025-05-30T02:09:39.567Z
15959,Cameron,Medina,+19134005966,cameron.medina@yahoo.com,14,M,Oklahoma,Moore,73160,35.33615941,-97.47644049,ed78b08e-824c-46eb-9fa4-43bd8275ca7a,2025-05-30T02:09:39.567Z
32427,Lynn,Blair,+18737142157,lynn.blair@gmail.com,16,M,North Carolina,Durham,27705,36.02651856,-78.98130018,ed78b08e-824c-46eb-9fa4-43bd8275ca7a,2025-05-30T02:09:39.567Z
91082,Emily,Burnett,+12953829500,emily.burnett@gmail.com,55,M,Arkansas,Hot Springs,71901,34.5272979,-92.97005832,ed78b08e-824c-46eb-9fa4-43bd8275ca7a,2025-05-30T02:09:39.567Z
11245,Sarah,Harvey,+13805946452,sarah.harvey@yahoo.com,42,M,California,South Gate,90280,33.94461425,-118.1925615,ed78b08e-824c-46eb-9fa4-43bd8275ca7a,2025-05-30T02:09:39.567Z
69413,Brian,Williams,+15473723813,brian.williams@gmail.com,36,M,Georgia,,30045,33.93054291,-83.93017996,ed78b08e-824c-46eb-9fa4-43bd8275ca7a,2025-05-30T02:09:39.567Z
5070,Angela,Charles,+19464611158,angela.charles@gmail.com,57,M,Michigan,Clinton Township,48035,42.55617095,-82.90953606,ed78b08e-824c-46eb-9fa4-43bd8275ca7a,2025-05-30T02:09:39.567Z
78170,Christina,Martinez,+14708988740,christina.martinez@yahoo.com,44,M,Arizona,Flagstaff,86001,35.3061322,-111.6610274,ed78b08e-824c-46eb-9fa4-43bd8275ca7a,2025-05-30T02:09:39.567Z
34823,Deborah,Ramos,+15154821655,deborah.ramos@yahoo.com,21,M,North Carolina,Fairview,28079,35.11142077,-80.60529928,ed78b08e-824c-46eb-9fa4-43bd8275ca7a,2025-05-30T02:09:39.567Z
69968,Chase,Padilla,+13776517375,chase.padilla@gmail.com,49,M,Georgia,Newnan,30263,33.38840474,-84.8596819,ed78b08e-824c-46eb-9fa4-43bd8275ca7a,2025-05-30T02:09:39.567Z
43468,Amber,Clayton,+14868153868,amber.clayton@gmail.com,64,M,North Carolina,Charlotte,28215,35.24920055,-80.69936642,ed78b08e-824c-46eb-9fa4-43bd8275ca7a,2025-05-30T02:09:39.567Z
16368,Jonathan,Little,+13692138768,jonathan.little@hotmail.com,34,M,New York,New York,10009,40.7272104,-73.97486702,ed78b08e-824c-46eb-9fa4-43bd8275ca7a,2025-05-30T02:09:39.567Z
99404,Shelly,Rodriguez,+12857175846,shelly.rodriguez@gmail.com,30,M,Arizona,Chandler,85286,33.27118821,-111.8305925,ed78b08e-824c-46eb-9fa4-43bd8275ca7a,2025-05-30T02:09:39.567Z
72713,Amy,Odom,+19063087098,amy.odom@hotmail.com,50,M,Indiana,Brownsburg,46112,39.86587485,-86.38116206,ed78b08e-824c-46eb-9fa4-43bd8275ca7a,2025-05-30T02:09:39.567Z
43664,Emily,Clark,+13245131344,emily.clark@hotmail.com,38,M,Washington,Everett,98203,47.9437545,-122.2373289,ed78b08e-824c-46eb-9fa4-43bd8275ca7a,2025-05-30T02:09:39.567Z
44307,Savannah,Murphy,+19364575417,savannah.murphy@hotmail.com,61,M,North Carolina,Winston-Salem,27104,36.09451807,-80.32616692,ed78b08e-824c-46eb-9fa4-43bd8275ca7a,2025-05-30T02:09:39.567Z
73630,Brian,Atkins,+18167224494,brian.atkins@yahoo.com,25,M,North Carolina,Concord,28025,35.38129539,-80.52746287,ed78b08e-824c-46eb-9fa4-43bd8275ca7a,2025-05-30T02:09:39.567Z
33038,Molly,Nunez,+16195968920,molly.nunez@hotmail.com,26,M,Pennsylvania,Erie,16509,42.05885942,-80.04201058,ed78b08e-824c-46eb-9fa4-43bd8275ca7a,2025-05-30T02:09:39.567Z
12429,William,Estrada,+17347173856,william.estrada@yahoo.com,63,M,Massachusetts,Westfield,1085,42.1540194,-72.7704733,ed78b08e-824c-46eb-9fa4-43bd8275ca7a,2025-05-30T02:09:39.567Z
72994,Michelle,Maldonado,+13915543219,michelle.maldonado@gmail.com,20,M,South Carolina,Conway,29527,33.78190344,-79.14993486,ed78b08e-824c-46eb-9fa4-43bd8275ca7a,2025-05-30T02:09:39.567Z
58020,Chase,Thomas,+13972312730,chase.thomas@hotmail.com,21,M,Michigan,Clinton Township,48038,42.60621836,-82.94049861,ed78b08e-824c-46eb-9fa4-43bd8275ca7a,2025-05-30T02:09:39.567Z
38140,Larry,Rojas,+19048033625,larry.rojas@gmail.com,17,M,Ohio,Chillicothe,45601,39.30912042,-82.96094085,ed78b08e-824c-46eb-9fa4-43bd8275ca7a,2025-05-30T02:09:39.567Z
52193,Rhonda,Barrett,+19683987561,rhonda.barrett@gmail.com,45,M,Michigan,Beechwood,49424,42.84159606,-86.13497432,ed78b08e-824c-46eb-9fa4-43bd8275ca7a,2025-05-30T02:09:39.567Z
16417,Kaitlin,Tran,+18536365151,kaitlin.tran@hotmail.com,57,M,California,Paradise,95969,39.72740579,-121.6279899,ed78b08e-824c-46eb-9fa4-43bd8275ca7a,2025-05-30T02:09:39.567Z
84215,Kelli,Valencia,+12298202241,kelli.valencia@gmail.com,20,M,California,Garden Grove,92840,33.7858112,-117.9321365,ed78b08e-824c-46eb-9fa4-43bd8275ca7a,2025-05-30T02:09:39.567Z
83622,Jon,Butler,+19149576659,jon.butler@gmail.com,40,M,Arkansas,Springdale,72764,36.17847605,-94.05178749,ed78b08e-824c-46eb-9fa4-43bd8275ca7a,2025-05-30T02:09:39.567Z
72901,Stephanie,Smith,+12689693085,stephanie.smith@gmail.com,23,M,Alabama,Montgomery,36117,32.37757019,-86.14394477,ed78b08e-824c-46eb-9fa4-43bd8275ca7a,2025-05-30T02:09:39.567Z
23654,Joshua,Arnold,+17062085744,joshua.arnold@gmail.com,16,M,North Carolina,Concord,28027,35.40823871,-80.6759698,ed78b08e-824c-46eb-9fa4-43bd8275ca7a,2025-05-30T02:09:39.567Z
42119,Emma,Chavez,+19798835336,emma.chavez@yahoo.com,15,M,California,Los Angeles,90007,34.02845963,-118.2851592,ed78b08e-824c-46eb-9fa4-43bd8275ca7a,2025-05-30T02:09:39.567Z
14619,Debra,Mills,+17814391005,debra.mills@gmail.com,69,M,New York,New York,11412,40.69853418,-73.75993828,ed78b08e-824c-46eb-9fa4-43bd8275ca7a,2025-05-30T02:09:39.567Z
86778,Andrea,King,+12254147624,andrea.king@gmail.com,47,M,North Carolina,Wilmington,28405,34.26336709,-77.86608838,ed78b08e-824c-46eb-9fa4-43bd8275ca7a,2025-05-30T02:09:39.567Z
50586,Tyler,Harrington,+14687609347,tyler.harrington@yahoo.com,61,M,Washington,Walla Walla,99362,46.08803728,-118.3117632,ed78b08e-824c-46eb-9fa4-43bd8275ca7a,2025-05-30T02:09:39.567Z
95274,Devin,Mills,+17145282012,devin.mills@yahoo.com,38,F,North Carolina,Concord,28027,35.40823871,-80.6759698,ed78b08e-824c-46eb-9fa4-43bd8275ca7a,2025-05-30T02:09:39.567Z
73466,Brianna,Jordan,+16567324795,brianna.jordan@gmail.com,55,F,California,Riverside,92505,33.93272854,-117.4940645,ed78b08e-824c-46eb-9fa4-43bd8275ca7a,2025-05-30T02:09:39.567Z
82404,Mark,Ryan,+12415361130,mark.ryan@hotmail.com,29,F,Texas,San Antonio,78211,29.34700264,-98.5633348,ed78b08e-824c-46eb-9fa4-43bd8275ca7a,2025-05-30T02:09:39.567Z
35662,Joshua,Matthews,+15815204982,joshua.matthews@gmail.com,55,F,Michigan,Grand Rapids,49506,42.94477861,-85.61337697,ed78b08e-824c-46eb-9fa4-43bd8275ca7a,2025-05-30T02:09:39.567Z
50841,Steven,Jones,+12686007187,steven.jones@yahoo.com,16,F,Kansas,Junction City,66441,38.98449307,-96.80073219,ed78b08e-824c-46eb-9fa4-43bd8275ca7a,2025-05-30T02:09:39.567Z
56014,Lauren,Brown,+12419814784,lauren.brown@gmail.com,34,F,Arizona,Tempe,85283,33.36450224,-111.9317887,ed78b08e-824c-46eb-9fa4-43bd8275ca7a,2025-05-30T02:09:39.567Z
36505,Carol,Mckinney,+12646821300,carol.mckinney@gmail.com,63,F,California,Los Angeles,91405,34.20168668,-118.4489877,ed78b08e-824c-46eb-9fa4-43bd8275ca7a,2025-05-30T02:09:39.567Z
14705,Sharon,Powell,+16655989600,sharon.powell@hotmail.com,12,M,North Carolina,Matthews,28105,35.12028718,-80.71045057,ed78b08e-824c-46eb-9fa4-43bd8275ca7a,2025-05-30T02:09:39.567Z
37175,Peggy,Bonilla,+13626193534,peggy.bonilla@gmail.com,63,M,California,South Lake Tahoe,96150,38.86951311,-120.0170552,ed78b08e-824c-46eb-9fa4-43bd8275ca7a,2025-05-30T02:09:39.567Z
86701,Cody,Palmer,+13789099907,cody.palmer@yahoo.com,36,M,Illinois,Geneva,60134,41.87883573,-88.34268246,ed78b08e-824c-46eb-9fa4-43bd8275ca7a,2025-05-30T02:09:39.567Z
20977,Jessica,Bailey,+19429059367,jessica.bailey@yahoo.com,50,M,Florida,Apopka,32712,28.72992037,-81.52908156,ed78b08e-824c-46eb-9fa4-43bd8275ca7a,2025-05-30T02:09:39.567Z
69329,Sarah,Flores,+13209658590,sarah.flores@yahoo.com,59,M,California,San Luis Obispo,93405,35.27994338,-120.7360324,ed78b08e-824c-46eb-9fa4-43bd8275ca7a,2025-05-30T02:09:39.567Z
6966,Amy,Jennings,+14659265465,amy.jennings@yahoo.com,67,M,Texas,Pearland,77584,29.54576034,-95.34996431,ed78b08e-824c-46eb-9fa4-43bd8275ca7a,2025-05-30T02:09:39.567Z
39615,Annette,Taylor,+16358578329,annette.taylor@hotmail.com,20,M,California,El Dorado Hills,95762,38.67564777,-121.0585414,ed78b08e-824c-46eb-9fa4-43bd8275ca7a,2025-05-30T02:09:39.567Z
1516,Justin,Lowery,+19615483538,justin.lowery@gmail.com,21,M,California,San Mateo,94403,37.53845198,-122.3040242,ed78b08e-824c-46eb-9fa4-43bd8275ca7a,2025-05-30T02:09:39.567Z
94947,Stephanie,Saunders,+18203466440,stephanie.saunders@gmail.com,49,M,Texas,Jollyville,78729,30.45943303,-97.75105555,ed78b08e-824c-46eb-9fa4-43bd8275ca7a,2025-05-30T02:09:39.567Z
1926,Gary,Douglas,+14506782886,gary.douglas@hotmail.com,22,M,Texas,Cibolo,78108,29.57350326,-98.21862471,ed78b08e-824c-46eb-9fa4-43bd8275ca7a,2025-05-30T02:09:39.567Z
9200,David,Johnson,+19697069787,david.johnson@gmail.com,56,M,North Carolina,Charlotte,28210,35.12884965,-80.85538788,ed78b08e-824c-46eb-9fa4-43bd8275ca7a,2025-05-30T02:09:39.567Z
68594,Connie,Ho,+16872714400,connie.ho@yahoo.com,28,M,Arizona,Mesa,85204,33.39649816,-111.7879034,ed78b08e-824c-46eb-9fa4-43bd8275ca7a,2025-05-30T02:09:39.567Z
22235,Cindy,Ramirez,+18175285752,cindy.ramirez@hotmail.com,61,M,Virginia,Dale City,22193,38.64334556,-77.34835872,ed78b08e-824c-46eb-9fa4-43bd8275ca7a,2025-05-30T02:09:39.567Z
42015,Brittany,Baker,+14774949084,brittany.baker@hotmail.com,69,M,Texas,Beaumont,77706,30.09733136,-94.17006761,ed78b08e-824c-46eb-9fa4-43bd8275ca7a,2025-05-30T02:09:39.567Z
38421,Dylan,Saunders,+13912639748,dylan.saunders@gmail.com,46,M,North Carolina,Charlotte,28212,35.19013899,-80.7448238,ed78b08e-824c-46eb-9fa4-43bd8275ca7a,2025-05-30T02:09:39.567Z
82036,James,Gonzales,+16734522364,james.gonzales@yahoo.com,46,M,Georgia,Flowery Branch,30542,34.17802754,-83.90844606,ed78b08e-824c-46eb-9fa4-43bd8275ca7a,2025-05-30T02:09:39.567Z
58976,Erik,Bowman,+15525497535,erik.bowman@yahoo.com,66,M,Maryland,Clinton,20735,38.74968678,-76.90647432,ed78b08e-824c-46eb-9fa4-43bd8275ca7a,2025-05-30T02:09:39.567Z
41977,Angelica,Turner,+16449811021,angelica.turner@yahoo.com,27,M,Oklahoma,Norman,73072,35.21488753,-97.49891327,ed78b08e-824c-46eb-9fa4-43bd8275ca7a,2025-05-30T02:09:39.567Z
43972,Jamie,Graham,+16044653220,jamie.graham@hotmail.com,16,M,California,Lemoore,93245,36.29112566,-119.8393688,ed78b08e-824c-46eb-9fa4-43bd8275ca7a,2025-05-30T02:09:39.567Z
12191,Elizabeth,Burns,+12042108284,elizabeth.burns@hotmail.com,35,M,California,Long Beach,90808,33.82391317,-118.1116987,ed78b08e-824c-46eb-9fa4-43bd8275ca7a,2025-05-30T02:09:39.567Z
72384,Eric,Edwards,+17594675078,eric.edwards@hotmail.com,34,M,Pennsylvania,Reading,19601,40.35288904,-75.94044245,ed78b08e-824c-46eb-9fa4-43bd8275ca7a,2025-05-30T02:09:39.567Z
5529,Rebecca,Davis,+13697797648,rebecca.davis@hotmail.com,14,M,North Carolina,Kannapolis,28081,35.50112268,-80.67114579,ed78b08e-824c-46eb-9fa4-43bd8275ca7a,2025-05-30T02:09:39.567Z
46271,Brad,Hernandez,+14225463022,brad.hernandez@yahoo.com,51,M,Oregon,Portland,97202,45.48285989,-122.6437888,ed78b08e-824c-46eb-9fa4-43bd8275ca7a,2025-05-30T02:09:39.567Z
30388,Laurie,Calderon,+18433421554,laurie.calderon@yahoo.com,21,M,Idaho,Nampa,83687,43.60926214,-116.5289895,ed78b08e-824c-46eb-9fa4-43bd8275ca7a,2025-05-30T02:09:39.567Z
59468,Christopher,Rangel,+16167493919,christopher.rangel@yahoo.com,59,M,Indiana,Indianapolis,46260,39.8977229,-86.17958653,ed78b08e-824c-46eb-9fa4-43bd8275ca7a,2025-05-30T02:09:39.567Z
77494,Jennifer,Browning,+18797236746,jennifer.browning@hotmail.com,28,M,New Mexico,Rio Rancho,87144,35.34442999,-106.7533282,ed78b08e-824c-46eb-9fa4-43bd8275ca7a,2025-05-30T02:09:39.567Z
48698,Andrew,Winters,+17308157865,andrew.winters@yahoo.com,33,F,North Carolina,Fayetteville,28304,35.02622063,-78.98869764,ed78b08e-824c-46eb-9fa4-43bd8275ca7a,2025-05-30T02:09:39.567Z
78504,Ronald,Coleman,+14408929289,ronald.coleman@yahoo.com,60,F,California,Turlock,95380,37.47434154,-120.8720732,ed78b08e-824c-46eb-9fa4-43bd8275ca7a,2025-05-30T02:09:39.567Z
17245,Monique,Wolfe,+12509073079,monique.wolfe@hotmail.com,62,F,Washington,Spokane,99205,47.69676713,-117.4457352,ed78b08e-824c-46eb-9fa4-43bd8275ca7a,2025-05-30T02:09:39.567Z
350,Carl,Martinez,+13705768889,carl.martinez@yahoo.com,53,F,Connecticut,Danbury,6810,41.37590848,-73.45968537,ed78b08e-824c-46eb-9fa4-43bd8275ca7a,2025-05-30T02:09:39.567Z
75425,Christine,Smith,+12727215044,christine.smith@yahoo.com,14,F,California,Granite Bay,95746,38.7465593,-121.1735638,ed78b08e-824c-46eb-9fa4-43bd8275ca7a,2025-05-30T02:09:39.567Z
39530,Alexander,Banks,+16868149470,alexander.banks@gmail.com,43,F,Oklahoma,Sand Springs,74063,36.14471541,-96.20041788,ed78b08e-824c-46eb-9fa4-43bd8275ca7a,2025-05-30T02:09:39.567Z
60020,Corey,Bell,+18252672538,corey.bell@yahoo.com,46,F,Virginia,Danville,24540,36.6419826,-79.42240602,ed78b08e-824c-46eb-9fa4-43bd8275ca7a,2025-05-30T02:09:39.567Z
91704,Robert,Jones,+17864184505,robert.jones@yahoo.com,39,F,California,Norco,92860,33.92490887,-117.5498602,ed78b08e-824c-46eb-9fa4-43bd8275ca7a,2025-05-30T02:09:39.567Z
40937,Angela,Taylor,+18326335712,angela.taylor@hotmail.com,55,F,Minnesota,Burnsville,55337,44.77773026,-93.27403534,ed78b08e-824c-46eb-9fa4-43bd8275ca7a,2025-05-30T02:09:39.567Z
39271,Michelle,Chavez,+18413252346,michelle.chavez@gmail.com,27,F,Florida,Buena Ventura Lakes,34743,28.33044327,-81.35454072,ed78b08e-824c-46eb-9fa4-43bd8275ca7a,2025-05-30T02:09:39.567Z
77105,Ronald,Maxwell,+12769855689,ronald.maxwell@gmail.com,20,F,California,South San Francisco,94080,37.65517494,-122.4223728,ed78b08e-824c-46eb-9fa4-43bd8275ca7a,2025-05-30T02:09:39.567Z
35514,Paul,Mills,+12053774611,paul.mills@yahoo.com,49,F,Georgia,Dallas,30157,33.88265203,-84.87496784,ed78b08e-824c-46eb-9fa4-43bd8275ca7a,2025-05-30T02:09:39.567Z
46066,Melissa,Nguyen,+12566693515,melissa.nguyen@hotmail.com,56,F,Iowa,Muscatine,52761,41.44853376,-91.04640746,ed78b08e-824c-46eb-9fa4-43bd8275ca7a,2025-05-30T02:09:39.567Z
69509,Meredith,Pollard,+13529116041,meredith.pollard@gmail.com,62,F,North Carolina,Lenoir,28645,35.97786023,-81.54228009,ed78b08e-824c-46eb-9fa4-43bd8275ca7a,2025-05-30T02:09:39.567Z
79640,Tyler,Mcdonald,+15659471039,tyler.mcdonald@hotmail.com,20,F,Virginia,Chesapeake,23321,36.80057189,-76.4220492,ed78b08e-824c-46eb-9fa4-43bd8275ca7a,2025-05-30T02:09:39.567Z
45386,Michael,Holder,+15543566025,michael.holder@yahoo.com,47,F,Maryland,Columbia,21045,39.2061079,-76.82742059,ed78b08e-824c-46eb-9fa4-43bd8275ca7a,2025-05-30T02:09:39.567Z
94462,Robert,Davis,+19924284784,robert.davis@hotmail.com,36,F,Florida,Plant City,33563,28.0173444,-82.12449319,ed78b08e-824c-46eb-9fa4-43bd8275ca7a,2025-05-30T02:09:39.567Z
6058,Christine,Braun,+15475933820,christine.braun@gmail.com,28,F,Virginia,Harrisonburg,22801,38.4035889,-78.87571397,ed78b08e-824c-46eb-9fa4-43bd8275ca7a,2025-05-30T02:09:39.567Z
47167,Michael,Smith,+19002301250,michael.smith@yahoo.com,25,F,Georgia,Peachtree Corners,30092,33.97215909,-84.23548957,ed78b08e-824c-46eb-9fa4-43bd8275ca7a,2025-05-30T02:09:39.567Z
71886,Jeffrey,Lawrence,+17136212500,jeffrey.lawrence@gmail.com,65,F,North Carolina,Statesville,28625,35.86143383,-80.89591734,ed78b08e-824c-46eb-9fa4-43bd8275ca7a,2025-05-30T02:09:39.567Z
55780,Lisa,Jackson,+16259496483,lisa.jackson@hotmail.com,44,F,Colorado,Colorado Springs,80923,38.92642874,-104.7133324,ed78b08e-824c-46eb-9fa4-43bd8275ca7a,2025-05-30T02:09:39.567Z
45357,Jasmine,Mills,+12005081890,jasmine.mills@gmail.com,68,F,Florida,Pembroke Pines,33024,26.02510911,-80.24435844,ed78b08e-824c-46eb-9fa4-43bd8275ca7a,2025-05-30T02:09:39.567Z
97068,Craig,Foster,+16676814360,craig.foster@gmail.com,18,F,Wisconsin,Fond du Lac,54935,43.7850105,-88.43425964,ed78b08e-824c-46eb-9fa4-43bd8275ca7a,2025-05-30T02:09:39.567Z
94113,Mark,Stevenson,+18032122410,mark.stevenson@hotmail.com,54,F,Texas,Katy,77494,29.74289102,-95.81919743,ed78b08e-824c-46eb-9fa4-43bd8275ca7a,2025-05-30T02:09:39.567Z
98409,Corey,Dickson,+12478743012,corey.dickson@yahoo.com,28,F,Georgia,Dublin,31021,32.49157917,-82.93390197,ed78b08e-824c-46eb-9fa4-43bd8275ca7a,2025-05-30T02:09:39.567Z
11850,Felicia,Coleman,+18472526502,felicia.coleman@hotmail.com,46,F,California,Santa Maria,93454,34.94734484,-120.224441,ed78b08e-824c-46eb-9fa4-43bd8275ca7a,2025-05-30T02:09:39.567Z
74493,Kristina,Contreras,+14418232148,kristina.contreras@yahoo.com,41,F,New York,Scarsdale,10583,40.98932121,-73.79399422,ed78b08e-824c-46eb-9fa4-43bd8275ca7a,2025-05-30T02:09:39.567Z
36064,Brittany,Rodriguez,+13427128496,brittany.rodriguez@yahoo.com,33,F,North Carolina,Bethlehem,28681,35.92342237,-81.22407505,ed78b08e-824c-46eb-9fa4-43bd8275ca7a,2025-05-30T02:09:39.567Z
84181,Brittany,Ward,+18845819907,brittany.ward@gmail.com,44,F,Kentucky,Louisville,40241,38.30300469,-85.57436304,ed78b08e-824c-46eb-9fa4-43bd8275ca7a,2025-05-30T02:09:39.567Z
95209,Kelly,Johns,+18648619079,kelly.johns@yahoo.com,34,F,New Jersey,Berkeley Township,8757,39.96085561,-74.25695852,ed78b08e-824c-46eb-9fa4-43bd8275ca7a,2025-05-30T02:09:39.567Z
87933,Jessica,Thompson,+19286386476,jessica.thompson@gmail.com,29,F,Wisconsin,Fitchburg,53711,43.0158209,-89.41081964,ed78b08e-824c-46eb-9fa4-43bd8275ca7a,2025-05-30T02:09:39.567Z
34505,Kelsey,Henderson,+14117405471,kelsey.henderson@hotmail.com,49,F,California,San Francisco,94122,37.76037181,-122.4860141,ed78b08e-824c-46eb-9fa4-43bd8275ca7a,2025-05-30T02:09:39.567Z
15919,Ann,Gonzalez,+12204423458,ann.gonzalez@hotmail.com,62,F,California,Carson,90745,33.82089134,-118.2628772,ed78b08e-824c-46eb-9fa4-43bd8275ca7a,2025-05-30T02:09:39.567Z
59842,Megan,Werner,+15469836885,megan.werner@gmail.com,53,F,North Carolina,Bethlehem,28681,35.92342237,-81.22407505,ed78b08e-824c-46eb-9fa4-43bd8275ca7a,2025-05-30T02:09:39.567Z
26013,Tracy,Collins,+16836741744,tracy.collins@yahoo.com,65,F,Michigan,Detroit,48205,42.43323582,-82.98099991,ed78b08e-824c-46eb-9fa4-43bd8275ca7a,2025-05-30T02:09:39.567Z
84553,Kathryn,Stanley,+14267632258,kathryn.stanley@hotmail.com,55,F,Georgia,Augusta,30813,33.45425605,-82.21336282,ed78b08e-824c-46eb-9fa4-43bd8275ca7a,2025-05-30T02:09:39.567Z
66946,Michael,Fitzpatrick,+17109147277,michael.fitzpatrick@yahoo.com,25,F,Delaware,Glasgow,19702,39.6214266,-75.72982033,ed78b08e-824c-46eb-9fa4-43bd8275ca7a,2025-05-30T02:09:39.567Z
91630,Matthew,Miles,+14159145175,matthew.miles@gmail.com,45,F,Alabama,Mobile,36605,30.60377558,-88.08849517,ed78b08e-824c-46eb-9fa4-43bd8275ca7a,2025-05-30T02:09:39.567Z
2436,Annette,Johnson,+17169829763,annette.johnson@yahoo.com,48,F,Florida,Orangetree,34120,26.32061556,-81.57964334,ed78b08e-824c-46eb-9fa4-43bd8275ca7a,2025-05-30T02:09:39.567Z
56913,Stacey,Foster,+13009728823,stacey.foster@hotmail.com,18,F,Missouri,Springfield,65803,37.28835839,-93.29417759,ed78b08e-824c-46eb-9fa4-43bd8275ca7a,2025-05-30T02:09:39.567Z
11363,Jeremy,Herrera,+14302776166,jeremy.herrera@hotmail.com,29,F,California,Santa Clara,95051,37.34883083,-121.9841956,ed78b08e-824c-46eb-9fa4-43bd8275ca7a,2025-05-30T02:09:39.567Z
94390,Daniel,Robinson,+14798112108,daniel.robinson@hotmail.com,52,F,Florida,Tamarac,33321,26.22022465,-80.37805453,ed78b08e-824c-46eb-9fa4-43bd8275ca7a,2025-05-30T02:09:39.567Z
50248,Jacob,Richards,+15567002388,jacob.richards@gmail.com,55,F,Oregon,Portland,97202,45.48285989,-122.6437888,ed78b08e-824c-46eb-9fa4-43bd8275ca7a,2025-05-30T02:09:39.567Z
99998,Kevin,Taylor,+15075889255,kevin.taylor@yahoo.com,51,M,North Carolina,Candler,28715,35.51293385,-82.71682924,ed78b08e-824c-46eb-9fa4-43bd8275ca7a,2025-05-30T02:09:39.567Z
87179,Jacqueline,Montgomery,+16809398836,jacqueline.montgomery@hotmail.com,69,M,Michigan,Harrison Township,48045,42.5875784,-82.81779937,ed78b08e-824c-46eb-9fa4-43bd8275ca7a,2025-05-30T02:09:39.567Z
36246,Nathaniel,Park,+19454765733,nathaniel.park@yahoo.com,17,M,Texas,San Antonio,78212,29.46370146,-98.49289841,ed78b08e-824c-46eb-9fa4-43bd8275ca7a,2025-05-30T02:09:39.567Z
75990,Catherine,Rose,+19694071908,catherine.rose@yahoo.com,17,M,Florida,Lakeland,33801,28.04031816,-81.898926,ed78b08e-824c-46eb-9fa4-43bd8275ca7a,2025-05-30T02:09:39.567Z
9183,Jesse,Edwards,+13384517819,jesse.edwards@gmail.com,63,M,Washington,Seattle,98115,47.68570888,-122.292898,ed78b08e-824c-46eb-9fa4-43bd8275ca7a,2025-05-30T02:09:39.567Z
5072,Stephen,Reed,+13473184211,stephen.reed@gmail.com,69,M,Texas,Conroe,77303,30.37655601,-95.3762021,ed78b08e-824c-46eb-9fa4-43bd8275ca7a,2025-05-30T02:09:39.567Z
37201,Amber,Rivera,+17154253855,amber.rivera@hotmail.com,48,M,Ohio,Parma,44129,41.39074364,-81.73464045,ed78b08e-824c-46eb-9fa4-43bd8275ca7a,2025-05-30T02:09:39.567Z
55975,Lawrence,Haney,+17174904986,lawrence.haney@yahoo.com,14,F,North Carolina,Franklin,28734,35.1823379,-83.42243417,ed78b08e-824c-46eb-9fa4-43bd8275ca7a,2025-05-30T02:09:39.567Z
9125,Robert,Green,+18542705966,robert.green@yahoo.com,24,F,Ohio,Middletown,45044,39.4480991,-84.38263129,ed78b08e-824c-46eb-9fa4-43bd8275ca7a,2025-05-30T02:09:39.567Z
88898,Sharon,Brown,+13839465175,sharon.brown@gmail.com,65,F,California,Santa Clara,95054,37.39417874,-121.9650026,ed78b08e-824c-46eb-9fa4-43bd8275ca7a,2025-05-30T02:09:39.567Z
87996,Tammy,Robertson,+13436666192,tammy.robertson@gmail.com,44,F,Massachusetts,Boston,2135,42.35010543,-71.15470728,ed78b08e-824c-46eb-9fa4-43bd8275ca7a,2025-05-30T02:09:39.567Z
90214,Reginald,White,+15834104442,reginald.white@yahoo.com,60,F,Oregon,Salem,97301,44.94989542,-123.0046487,ed78b08e-824c-46eb-9fa4-43bd8275ca7a,2025-05-30T02:09:39.567Z
89962,Robin,Gardner,+18007753303,robin.gardner@yahoo.com,19,F,California,Stockton,95207,38.00268981,-121.3252672,ed78b08e-824c-46eb-9fa4-43bd8275ca7a,2025-05-30T02:09:39.567Z
67889,Earl,Dennis,+19135682873,earl.dennis@yahoo.com,45,F,South Carolina,Lake Murray of Richland,29063,34.14165261,-81.20462444,ed78b08e-824c-46eb-9fa4-43bd8275ca7a,2025-05-30T02:09:39.567Z
28693,Gloria,Morales,+17053235095,gloria.morales@gmail.com,27,F,Illinois,Chicago,60626,42.0097796,-87.66692729,ed78b08e-824c-46eb-9fa4-43bd8275ca7a,2025-05-30T02:09:39.567Z
48616,Justin,Collins,+12285107106,justin.collins@yahoo.com,56,F,California,Modesto,95356,37.71907403,-121.0264063,ed78b08e-824c-46eb-9fa4-43bd8275ca7a,2025-05-30T02:09:39.567Z
37156,Shawn,Smith,+17958683510,shawn.smith@hotmail.com,58,F,Pennsylvania,Yardley,19067,40.19529275,-74.80968944,ed78b08e-824c-46eb-9fa4-43bd8275ca7a,2025-05-30T02:09:39.567Z
1853,Betty,Brady,+15925408534,betty.brady@hotmail.com,12,M,South Carolina,Red Bank,29073,33.89184947,-81.24025634,ed78b08e-824c-46eb-9fa4-43bd8275ca7a,2025-05-30T02:09:39.567Z
80582,Christina,Mayo,+18257177389,christina.mayo@yahoo.com,28,M,Rhode Island,Johnston,2919,41.827375,-71.52009362,ed78b08e-824c-46eb-9fa4-43bd8275ca7a,2025-05-30T02:09:39.567Z
40500,Brenda,Baker,+16666802719,brenda.baker@hotmail.com,69,M,California,Fontana,92337,34.04947503,-117.4698691,ed78b08e-824c-46eb-9fa4-43bd8275ca7a,2025-05-30T02:09:39.567Z
52145,Jeffrey,Delacruz,+12875846099,jeffrey.delacruz@hotmail.com,54,M,Illinois,Chicago,60651,41.90183624,-87.74036316,ed78b08e-824c-46eb-9fa4-43bd8275ca7a,2025-05-30T02:09:39.567Z
19016,David,Castillo,+18822523928,david.castillo@yahoo.com,66,M,Indiana,Greenfield,46140,39.80335537,-85.76473616,ed78b08e-824c-46eb-9fa4-43bd8275ca7a,2025-05-30T02:09:39.567Z
94001,Pamela,Santos,+12396107432,pamela.santos@gmail.com,49,M,Rhode Island,Johnston,2919,41.827375,-71.52009362,ed78b08e-824c-46eb-9fa4-43bd8275ca7a,2025-05-30T02:09:39.567Z
27852,Brenda,Barrera,+18768921538,brenda.barrera@hotmail.com,65,M,California,Shafter,93314,35.39423759,-119.2384318,ed78b08e-824c-46eb-9fa4-43bd8275ca7a,2025-05-30T02:09:39.567Z
71169,Ryan,Bridges,+13637467570,ryan.bridges@gmail.com,36,M,Iowa,Ankeny,50023,41.72692042,-93.63137457,ed78b08e-824c-46eb-9fa4-43bd8275ca7a,2025-05-30T02:09:39.567Z
5404,Brian,Marshall,+13793944643,brian.marshall@yahoo.com,56,M,South Carolina,Spartanburg,29301,34.93502075,-82.01429699,ed78b08e-824c-46eb-9fa4-43bd8275ca7a,2025-05-30T02:09:39.567Z
8176,Amanda,Ward,+17294262657,amanda.ward@hotmail.com,68,M,California,Carson,90810,33.81995152,-118.2214307,ed78b08e-824c-46eb-9fa4-43bd8275ca7a,2025-05-30T02:09:39.567Z
82438,Ryan,Anderson,+15373078440,ryan.anderson@hotmail.com,26,M,Massachusetts,Beverly,1915,42.5611417,-70.85538199,ed78b08e-824c-46eb-9fa4-43bd8275ca7a,2025-05-30T02:09:39.567Z
2230,Lisa,Miller,+19363155962,lisa.miller@yahoo.com,15,M,New York,Elmont,11003,40.69985636,-73.70643974,ed78b08e-824c-46eb-9fa4-43bd8275ca7a,2025-05-30T02:09:39.567Z
40024,Amber,Mitchell,+18146338850,amber.mitchell@hotmail.com,65,M,North Carolina,Asheville,28806,35.55865627,-82.6163883,ed78b08e-824c-46eb-9fa4-43bd8275ca7a,2025-05-30T02:09:39.567Z
24881,David,Kane,+17162593624,david.kane@hotmail.com,45,M,Illinois,Mokena,60448,41.53667161,-87.89220696,ed78b08e-824c-46eb-9fa4-43bd8275ca7a,2025-05-30T02:09:39.567Z
51192,Adam,Andrade,+15384762546,adam.andrade@yahoo.com,61,F,South Carolina,Charleston,29412,32.71579594,-79.94538266,ed78b08e-824c-46eb-9fa4-43bd8275ca7a,2025-05-30T02:09:39.567Z
19511,Hunter,Tucker,+13768619083,hunter.tucker@yahoo.com,13,F,South Carolina,Florence,29501,34.20647377,-79.82471174,ed78b08e-824c-46eb-9fa4-43bd8275ca7a,2025-05-30T02:09:39.567Z
37185,Edward,Lewis,+19543208805,edward.lewis@gmail.com,56,F,California,Bakersfield,93307,35.25673363,-118.9304235,ed78b08e-824c-46eb-9fa4-43bd8275ca7a,2025-05-30T02:09:39.567Z
14393,Michelle,Anderson,+15758477037,michelle.anderson@yahoo.com,29,F,California,Redwood City,94063,37.50272197,-122.2080058,ed78b08e-824c-46eb-9fa4-43bd8275ca7a,2025-05-30T02:09:39.567Z
93002,Jeremy,Barrera,+17236492888,jeremy.barrera@yahoo.com,14,F,Texas,Pasadena,77502,29.67935928,-95.19963444,ed78b08e-824c-46eb-9fa4-43bd8275ca7a,2025-05-30T02:09:39.567Z
50772,Laura,Pierce,+15362003928,laura.pierce@hotmail.com,53,F,South Carolina,Florence,29501,34.20647377,-79.82471174,ed78b08e-824c-46eb-9fa4-43bd8275ca7a,2025-05-30T02:09:39.567Z
84841,Jacob,Martin,+18827107901,jacob.martin@hotmail.com,59,F,Kansas,Salina,67401,38.82962025,-97.64649489,ed78b08e-824c-46eb-9fa4-43bd8275ca7a,2025-05-30T02:09:39.567Z
59990,Tina,Clay,+16142679813,tina.clay@yahoo.com,50,F,Pennsylvania,Hampton Township,15044,40.63933746,-79.94807812,ed78b08e-824c-46eb-9fa4-43bd8275ca7a,2025-05-30T02:09:39.567Z
31041,Derek,Lawrence,+19945452997,derek.lawrence@yahoo.com,68,F,California,Santa Rosa,95407,38.39421475,-122.7425193,ed78b08e-824c-46eb-9fa4-43bd8275ca7a,2025-05-30T02:09:39.567Z
4632,Teresa,Becker,+19165366975,teresa.becker@gmail.com,60,F,South Carolina,Easley,29640,34.885321,-82.57976951,ed78b08e-824c-46eb-9fa4-43bd8275ca7a,2025-05-30T02:09:39.567Z
21112,Bryan,Willis,+14626249198,bryan.willis@hotmail.com,54,F,Massachusetts,Milton,2186,42.24000751,-71.08370049,ed78b08e-824c-46eb-9fa4-43bd8275ca7a,2025-05-30T02:09:39.567Z
93159,Dawn,Joseph,+12705001405,dawn.joseph@hotmail.com,12,F,California,Garden Grove,92843,33.76405439,-117.9318502,ed78b08e-824c-46eb-9fa4-43bd8275ca7a,2025-05-30T02:09:39.567Z
70375,Jacqueline,Callahan,+18554414111,jacqueline.callahan@yahoo.com,59,F,California,Citrus Heights,95621,38.6957435,-121.3081221,ed78b08e-824c-46eb-9fa4-43bd8275ca7a,2025-05-30T02:09:39.567Z
97120,Rachel,Cervantes,+16924467729,rachel.cervantes@gmail.com,45,M,South Carolina,Greer,29650,34.89823138,-82.25740476,ed78b08e-824c-46eb-9fa4-43bd8275ca7a,2025-05-30T02:09:39.567Z
36474,Angelica,Reyes,+19136289702,angelica.reyes@yahoo.com,31,M,Pennsylvania,Oliver,15401,39.8992217,-79.74728324,ed78b08e-824c-46eb-9fa4-43bd8275ca7a,2025-05-30T02:09:39.567Z
33145,Edwin,Tucker,+15149275542,edwin.tucker@yahoo.com,27,M,South Carolina,Simpsonville,29680,34.68826345,-82.29147722,ed78b08e-824c-46eb-9fa4-43bd8275ca7a,2025-05-30T02:09:39.567Z
95037,Michael,Avila,+15733908455,michael.avila@yahoo.com,47,M,New York,Yonkers,10701,40.94812478,-73.88545646,ed78b08e-824c-46eb-9fa4-43bd8275ca7a,2025-05-30T02:09:39.567Z
68651,Carol,Lang,+13166637470,carol.lang@hotmail.com,15,M,Virginia,Suffolk,23434,36.70260749,-76.59211928,ed78b08e-824c-46eb-9fa4-43bd8275ca7a,2025-05-30T02:09:39.567Z
60014,Michael,Hahn,+17959007469,michael.hahn@hotmail.com,25,M,California,Rancho Cucamonga,91701,34.14252529,-117.6029055,ed78b08e-824c-46eb-9fa4-43bd8275ca7a,2025-05-30T02:09:39.567Z
28345,Eric,Holmes,+13957639084,eric.holmes@yahoo.com,59,M,Illinois,Woodstock,60098,42.32597261,-88.45845694,ed78b08e-824c-46eb-9fa4-43bd8275ca7a,2025-05-30T02:09:39.567Z
43849,Jeffrey,Mitchell,+14073894675,jeffrey.mitchell@hotmail.com,41,M,South Carolina,Southern Shops,29303,34.99289355,-81.96775884,ed78b08e-824c-46eb-9fa4-43bd8275ca7a,2025-05-30T02:09:39.567Z
45998,Luis,Bryant,+19344159250,luis.bryant@gmail.com,23,M,Illinois,Granite City,62040,38.72761109,-90.11548729,ed78b08e-824c-46eb-9fa4-43bd8275ca7a,2025-05-30T02:09:39.567Z
1959,Connor,Baird,+14007436728,connor.baird@gmail.com,19,M,Georgia,Smyrna,30080,33.87772573,-84.50462177,ed78b08e-824c-46eb-9fa4-43bd8275ca7a,2025-05-30T02:09:39.567Z
62062,Richard,Evans,+15164334401,richard.evans@gmail.com,35,M,Michigan,Roseville,48066,42.5075508,-82.93674129,ed78b08e-824c-46eb-9fa4-43bd8275ca7a,2025-05-30T02:09:39.567Z
40900,Denise,Smith,+13993365514,denise.smith@gmail.com,66,M,Tennessee,Memphis,38117,35.11511543,-89.90540781,ed78b08e-824c-46eb-9fa4-43bd8275ca7a,2025-05-30T02:09:39.567Z
99500,Jon,Jones,+17579772258,jon.jones@gmail.com,25,M,South Carolina,Rock Hill,29730,34.88817079,-81.0214014,ed78b08e-824c-46eb-9fa4-43bd8275ca7a,2025-05-30T02:09:39.567Z
40670,Jennifer,Perkins,+17852396875,jennifer.perkins@hotmail.com,56,M,Illinois,Freeport,61032,42.31236,-89.63422339,ed78b08e-824c-46eb-9fa4-43bd8275ca7a,2025-05-30T02:09:39.567Z
35987,Jenna,Roberts,+14672081821,jenna.roberts@gmail.com,22,M,California,Santa Rosa,95407,38.39421475,-122.7425193,ed78b08e-824c-46eb-9fa4-43bd8275ca7a,2025-05-30T02:09:39.567Z
11750,Shelby,Burnett,+16516215284,shelby.burnett@hotmail.com,17,M,Alabama,Huntsville,35811,34.79750418,-86.50629926,ed78b08e-824c-46eb-9fa4-43bd8275ca7a,2025-05-30T02:09:39.567Z
59143,Michael,Sellers,+17035885758,michael.sellers@gmail.com,50,M,Virginia,Roanoke,24012,37.31595291,-79.90089521,ed78b08e-824c-46eb-9fa4-43bd8275ca7a,2025-05-30T02:09:39.567Z
3222,Jessica,Cruz,+15222172789,jessica.cruz@gmail.com,14,M,Florida,Meadow Woods,32824,28.38883467,-81.34920902,ed78b08e-824c-46eb-9fa4-43bd8275ca7a,2025-05-30T02:09:39.567Z
2380,Chris,Fletcher,+19393512673,chris.fletcher@hotmail.com,16,M,Utah,West Valley City,84128,40.69642278,-112.0439172,ed78b08e-824c-46eb-9fa4-43bd8275ca7a,2025-05-30T02:09:39.567Z
51603,Brenda,Wright,+17826348098,brenda.wright@hotmail.com,48,M,North Dakota,Fargo,58104,46.79386093,-96.83756904,ed78b08e-824c-46eb-9fa4-43bd8275ca7a,2025-05-30T02:09:39.567Z
24166,Joseph,Wilson,+18163463982,joseph.wilson@hotmail.com,19,M,Florida,Kissimmee,34741,28.30535316,-81.42583683,ed78b08e-824c-46eb-9fa4-43bd8275ca7a,2025-05-30T02:09:39.567Z
8688,Daniel,Phillips,+13336118018,daniel.phillips@gmail.com,19,M,South Carolina,Bluffton,29910,32.22959534,-80.8728551,ed78b08e-824c-46eb-9fa4-43bd8275ca7a,2025-05-30T02:09:39.567Z
71080,Nicole,Hill,+18677519085,nicole.hill@gmail.com,26,M,Texas,Pasadena,77503,29.69908105,-95.15950879,ed78b08e-824c-46eb-9fa4-43bd8275ca7a,2025-05-30T02:09:39.567Z
27354,Mary,Mills,+12186645491,mary.mills@gmail.com,45,M,Georgia,Decatur,30030,33.7715608,-84.29187413,ed78b08e-824c-46eb-9fa4-43bd8275ca7a,2025-05-30T02:09:39.567Z
35778,Stacey,Rodriguez,+18099052717,stacey.rodriguez@yahoo.com,56,M,California,San Diego,92115,32.76014086,-117.0716237,ed78b08e-824c-46eb-9fa4-43bd8275ca7a,2025-05-30T02:09:39.567Z
52320,Suzanne,Gomez,+17883046894,suzanne.gomez@gmail.com,69,M,Colorado,Beulah Valley,81005,38.18811521,-104.83345,ed78b08e-824c-46eb-9fa4-43bd8275ca7a,2025-05-30T02:09:39.567Z
71395,Tracy,Clark,+17439971630,tracy.clark@hotmail.com,39,M,Ohio,Pataskala,43062,40.00700556,-82.68110137,ed78b08e-824c-46eb-9fa4-43bd8275ca7a,2025-05-30T02:09:39.567Z
73008,Brenda,Benton,+19717682974,brenda.benton@yahoo.com,40,F,Georgia,Loganville,30052,33.81670097,-83.89432763,ed78b08e-824c-46eb-9fa4-43bd8275ca7a,2025-05-30T02:09:39.567Z
45141,Fred,Hernandez,+14258637135,fred.hernandez@gmail.com,26,F,New York,New York,10040,40.8614673,-73.9332049,ed78b08e-824c-46eb-9fa4-43bd8275ca7a,2025-05-30T02:09:39.567Z
47976,Jodi,Hamilton,+16252946605,jodi.hamilton@yahoo.com,35,F,New York,New York,11372,40.75176366,-73.88342275,ed78b08e-824c-46eb-9fa4-43bd8275ca7a,2025-05-30T02:09:39.567Z
48095,Edward,Lawrence,+12684462889,edward.lawrence@gmail.com,20,F,South Dakota,Aberdeen,57401,45.47577593,-98.53599405,ed78b08e-824c-46eb-9fa4-43bd8275ca7a,2025-05-30T02:09:39.567Z
67099,Vanessa,Miller,+16204745500,vanessa.miller@yahoo.com,66,F,Florida,Middleburg,32068,30.07431967,-81.88979649,ed78b08e-824c-46eb-9fa4-43bd8275ca7a,2025-05-30T02:09:39.567Z
34311,Sherri,Waters,+14083727755,sherri.waters@hotmail.com,27,F,Washington,Spokane,99208,47.78028896,-117.463401,ed78b08e-824c-46eb-9fa4-43bd8275ca7a,2025-05-30T02:09:39.567Z
15135,Grace,Brown,+19635117334,grace.brown@yahoo.com,29,F,Arkansas,Fayetteville,72701,35.98772655,-94.08434935,ed78b08e-824c-46eb-9fa4-43bd8275ca7a,2025-05-30T02:09:39.567Z
16387,Lindsey,Walker,+16386691132,lindsey.walker@gmail.com,43,F,Nevada,Las Vegas,89117,36.14258641,-115.2797297,ed78b08e-824c-46eb-9fa4-43bd8275ca7a,2025-05-30T02:09:39.567Z
34522,Donna,Brown,+14385765909,donna.brown@hotmail.com,43,F,Virginia,Leesburg,20175,39.06432896,-77.59772444,ed78b08e-824c-46eb-9fa4-43bd8275ca7a,2025-05-30T02:09:39.567Z
88639,Diane,Rivera,+18232773735,diane.rivera@yahoo.com,34,F,Florida,Orlando,32839,28.48862299,-81.40733961,ed78b08e-824c-46eb-9fa4-43bd8275ca7a,2025-05-30T02:09:39.567Z
18364,Kim,Evans,+12122666647,kim.evans@yahoo.com,32,F,Oregon,Bend,97701,43.97207319,-121.007728,ed78b08e-824c-46eb-9fa4-43bd8275ca7a,2025-05-30T02:09:39.567Z
45048,Marc,Fisher,+18085621880,marc.fisher@hotmail.com,26,F,Georgia,Stonecrest,30058,33.7378955,-84.10725973,ed78b08e-824c-46eb-9fa4-43bd8275ca7a,2025-05-30T02:09:39.567Z
83285,Emily,Hammond,+15974489565,emily.hammond@yahoo.com,50,F,South Carolina,Lake Murray of Richland,29063,34.14165261,-81.20462444,ed78b08e-824c-46eb-9fa4-43bd8275ca7a,2025-05-30T02:09:39.567Z
52462,Katherine,Fischer,+18844145946,katherine.fischer@yahoo.com,53,F,Georgia,Marietta,30066,34.0331242,-84.50900767,ed78b08e-824c-46eb-9fa4-43bd8275ca7a,2025-05-30T02:09:39.567Z
58058,Sydney,Reed,+19044667935,sydney.reed@gmail.com,62,F,Michigan,Beechwood,49424,42.84159606,-86.13497432,ed78b08e-824c-46eb-9fa4-43bd8275ca7a,2025-05-30T02:09:39.567Z
48317,Jennifer,Davis,+14244725498,jennifer.davis@hotmail.com,43,F,Arizona,Chandler,85224,33.32287065,-111.8756576,ed78b08e-824c-46eb-9fa4-43bd8275ca7a,2025-05-30T02:09:39.567Z
65185,Nicholas,Woods,+14258841640,nicholas.woods@yahoo.com,65,F,Texas,Houston,77450,29.74948724,-95.74322676,ed78b08e-824c-46eb-9fa4-43bd8275ca7a,2025-05-30T02:09:39.567Z
92339,Victoria,Perry,+12797854905,victoria.perry@hotmail.com,56,F,Arizona,Chandler,85286,33.27118821,-111.8305925,ed78b08e-824c-46eb-9fa4-43bd8275ca7a,2025-05-30T02:09:39.567Z
56083,Christy,Velez,+13805186384,christy.velez@hotmail.com,37,F,California,Visalia,93292,36.37718623,-119.2235357,ed78b08e-824c-46eb-9fa4-43bd8275ca7a,2025-05-30T02:09:39.567Z
49106,Tommy,Adams,+17312033958,tommy.adams@hotmail.com,39,F,Arizona,Tucson,85706,32.14779082,-110.9387334,ed78b08e-824c-46eb-9fa4-43bd8275ca7a,2025-05-30T02:09:39.567Z
46188,Julie,Hughes,+14865123131,julie.hughes@hotmail.com,23,F,Louisiana,Lake Charles,70601,30.22849087,-93.21530598,ed78b08e-824c-46eb-9fa4-43bd8275ca7a,2025-05-30T02:09:39.567Z
2066,John,Mack,+17797506403,john.mack@yahoo.com,27,F,Ohio,Xenia,45385,39.66914377,-83.91595725,ed78b08e-824c-46eb-9fa4-43bd8275ca7a,2025-05-30T02:09:39.567Z
57240,Mia,Malone,+12695349205,mia.malone@gmail.com,39,F,Idaho,Rexburg,83440,43.8153559,-111.843299,ed78b08e-824c-46eb-9fa4-43bd8275ca7a,2025-05-30T02:09:39.567Z
4155,Joshua,Stephens,+15284691773,joshua.stephens@hotmail.com,26,F,Maryland,Greater Landover,20785,38.91810665,-76.88073629,ed78b08e-824c-46eb-9fa4-43bd8275ca7a,2025-05-30T02:09:39.567Z
53227,Elizabeth,Bowen,+18362766608,elizabeth.bowen@hotmail.com,66,M,Georgia,,30093,33.91067994,-84.17753748,ed78b08e-824c-46eb-9fa4-43bd8275ca7a,2025-05-30T02:09:39.567Z
79924,Steven,Jones,+14565013371,steven.jones@hotmail.com,57,M,Georgia,McDonough,30252,33.47220163,-84.06359247,ed78b08e-824c-46eb-9fa4-43bd8275ca7a,2025-05-30T02:09:39.567Z
62603,Jacob,Terrell,+13228139218,jacob.terrell@yahoo.com,42,M,Alabama,Mobile,36695,30.62895862,-88.28239545,ed78b08e-824c-46eb-9fa4-43bd8275ca7a,2025-05-30T02:09:39.567Z
14560,Paul,Terry,+18652848223,paul.terry@yahoo.com,14,M,North Carolina,Durham,27701,35.99925094,-78.89740637,ed78b08e-824c-46eb-9fa4-43bd8275ca7a,2025-05-30T02:09:39.567Z
87908,Natalie,Khan,+14803673515,natalie.khan@gmail.com,37,M,Illinois,Oswego,60543,41.66180691,-88.32305416,ed78b08e-824c-46eb-9fa4-43bd8275ca7a,2025-05-30T02:09:39.567Z
86273,Brenda,Blair,+13914967217,brenda.blair@yahoo.com,14,M,Kentucky,Owensboro,42301,37.74109558,-87.25049555,ed78b08e-824c-46eb-9fa4-43bd8275ca7a,2025-05-30T02:09:39.567Z
76261,William,Price,+19875017033,william.price@gmail.com,40,M,Georgia,Canton,30114,34.25908163,-84.52630523,ed78b08e-824c-46eb-9fa4-43bd8275ca7a,2025-05-30T02:09:39.567Z
53160,Daniel,Rodriguez,+15154256615,daniel.rodriguez@gmail.com,22,M,Illinois,Skokie,60076,42.03537735,-87.73015885,ed78b08e-824c-46eb-9fa4-43bd8275ca7a,2025-05-30T02:09:39.567Z
79118,Julia,Schroeder,+12308343921,julia.schroeder@gmail.com,68,M,New York,Valley Stream,11580,40.67492916,-73.70365949,ed78b08e-824c-46eb-9fa4-43bd8275ca7a,2025-05-30T02:09:39.567Z
96615,Frank,Juarez,+18186172261,frank.juarez@yahoo.com,23,M,Texas,Granbury,76048,32.41494104,-97.80480583,ed78b08e-824c-46eb-9fa4-43bd8275ca7a,2025-05-30T02:09:39.567Z
11223,Jamie,Flores,+18757708981,jamie.flores@hotmail.com,65,M,Illinois,Carpentersville,60110,42.12455068,-88.2856522,ed78b08e-824c-46eb-9fa4-43bd8275ca7a,2025-05-30T02:09:39.567Z
45474,Rodney,Bryant,+14057577862,rodney.bryant@hotmail.com,32,F,Georgia,Carrollton,30116,33.55278682,-85.01267382,ed78b08e-824c-46eb-9fa4-43bd8275ca7a,2025-05-30T02:09:39.567Z
62537,Rodney,Valenzuela,+12455177836,rodney.valenzuela@yahoo.com,24,F,New Jersey,Plainfield,7060,40.61681238,-74.42337028,ed78b08e-824c-46eb-9fa4-43bd8275ca7a,2025-05-30T02:09:39.567Z
13763,Erika,Stein,+19926539427,erika.stein@hotmail.com,36,M,Georgia,Powder Springs,30127,33.87676161,-84.69573117,ed78b08e-824c-46eb-9fa4-43bd8275ca7a,2025-05-30T02:09:39.567Z
